epoch,time,train/box_loss,train/seg_loss,train/cls_loss,train/dfl_loss,train/sem_loss,metrics/precision(B),metrics/recall(B),metrics/mAP50(B),metrics/mAP50-95(B),metrics/precision(M),metrics/recall(M),metrics/mAP50(M),metrics/mAP50-95(M),val/box_loss,val/seg_loss,val/cls_loss,val/dfl_loss,val/sem_loss,lr/pg0,lr/pg1,lr/pg2
1,14.4795,2.85551,5.53318,3.98635,2.31468,0,0.01621,0.04333,0.01074,0.00471,0.01122,0.03,0.00725,0.00201,2.36244,4.35567,3.70507,2.08111,0,1.429e-05,1.429e-05,1.429e-05
2,16.5046,2.85746,5.71785,3.98072,2.24015,0,0.01144,0.04333,0.00999,0.00383,0.00704,0.02667,0.00464,0.00121,2.41502,4.41299,3.71624,2.12876,0,4.27851e-05,4.27851e-05,4.27851e-05
3,18.4411,2.76234,5.28821,3.97476,2.28578,0,0.01534,0.08333,0.01845,0.00736,0.01288,0.07,0.01432,0.00315,2.14852,4.0522,3.67784,1.93615,0,7.11671e-05,7.11671e-05,7.11671e-05
4,20.458,2.32387,4.27409,3.84249,1.96835,0,0.0148,0.14889,0.02334,0.00866,0.01382,0.09,0.02134,0.00559,1.91197,3.75795,3.60108,1.70323,0,9.94358e-05,9.94358e-05,9.94358e-05
5,22.4655,1.98621,3.55575,3.67465,1.69316,0,0.02281,0.24111,0.03675,0.01292,0.02007,0.17222,0.03358,0.01141,1.97766,3.57389,3.56812,1.69977,0,0.000127591,0.000127591,0.000127591
6,24.3923,1.79548,3.33148,3.45465,1.4905,0,0.03056,0.31667,0.05244,0.01912,0.02812,0.25111,0.05712,0.01758,1.97268,3.54476,3.52362,1.69015,0,0.000155634,0.000155634,0.000155634
7,26.3211,1.73473,3.23421,3.3467,1.40663,0,0.04658,0.39889,0.07215,0.02789,0.04152,0.37889,0.07299,0.02607,1.90041,3.66861,3.49445,1.61548,0,0.000183563,0.000183563,0.000183563
8,28.244,1.69852,3.02555,3.08244,1.3476,0,0.04527,0.61889,0.11079,0.04699,0.03915,0.58556,0.10004,0.04492,1.88966,3.85072,3.41142,1.53953,0,0.000211379,0.000211379,0.000211379
9,30.1021,1.59507,2.83171,2.97701,1.29724,0,0.03692,0.61889,0.1384,0.07308,0.03643,0.61556,0.13801,0.06658,1.92487,3.80347,3.37376,1.53709,0,0.000239082,0.000239082,0.000239082
10,32.1383,1.54773,2.72376,2.92845,1.24057,0,0.0394,0.64556,0.20677,0.12976,0.03708,0.62889,0.19939,0.10206,1.92961,3.63285,3.34689,1.54255,0,0.000266672,0.000266672,0.000266672
11,34.1525,1.5631,2.57479,2.80184,1.23429,0,0.04087,0.65556,0.23578,0.13868,0.04272,0.66889,0.23223,0.12142,1.91282,3.55759,3.33509,1.51662,0,0.000294148,0.000294148,0.000294148
12,36.2162,1.682,2.75026,2.87411,1.27373,0,0.04053,0.65889,0.24131,0.12008,0.04189,0.66889,0.24342,0.12462,1.95212,3.54899,3.34114,1.52316,0,0.000321512,0.000321512,0.000321512
13,38.2019,1.54628,2.5286,2.71351,1.20187,0,0.04066,0.66889,0.24243,0.10428,0.04284,0.68556,0.24432,0.12019,1.89635,3.50281,3.3193,1.47003,0,0.000348762,0.000348762,0.000348762
14,40.2185,1.58132,2.58981,2.52678,1.22584,0,0.03982,0.67222,0.22359,0.11144,0.04107,0.68222,0.23308,0.11658,1.82975,3.35882,3.29341,1.43155,0,0.000375899,0.000375899,0.000375899
15,42.2616,1.49526,2.46621,2.56105,1.16718,0,0.03852,0.67889,0.24457,0.12979,0.03969,0.68889,0.25894,0.13119,1.78498,3.33267,3.28862,1.40654,0,0.000402923,0.000402923,0.000402923
16,44.2754,1.54141,2.52594,2.6083,1.2051,0,0.03594,0.61667,0.24095,0.12521,0.03631,0.62,0.25374,0.12492,1.75452,3.37867,3.28079,1.37355,0,0.000429833,0.000429833,0.000429833
17,46.3487,1.57058,2.59725,2.54188,1.20109,0,0.03556,0.62,0.23206,0.11492,0.03633,0.67556,0.24165,0.1133,1.73535,3.54628,3.26571,1.33791,0,0.000456631,0.000456631,0.000456631
18,48.3608,1.46918,2.39167,2.20347,1.16677,0,0.03585,0.67889,0.23177,0.1124,0.03621,0.68222,0.24625,0.11702,1.73814,3.5717,3.24407,1.34308,0,0.000483315,0.000483315,0.000483315
19,50.3996,1.4435,2.21669,2.03273,1.15764,0,0.03445,0.62,0.2032,0.12121,0.03725,0.69556,0.25959,0.12199,1.69451,3.48025,3.22143,1.35781,0,0.000509886,0.000509886,0.000509886
20,52.3096,1.5494,2.43068,2.24845,1.21228,0,0.0356,0.62333,0.19815,0.10251,0.03659,0.68222,0.23395,0.11156,1.68635,3.4046,3.22983,1.38297,0,0.000536344,0.000536344,0.000536344
21,54.1364,1.53118,2.40795,2.04165,1.198,0,0.03242,0.58333,0.18693,0.08777,0.03609,0.66556,0.24566,0.11083,1.6445,3.29422,3.26185,1.41277,0,0.000562689,0.000562689,0.000562689
22,56.0052,1.50935,2.55967,2.13067,1.1911,0,0.03323,0.58667,0.1903,0.0923,0.03574,0.65889,0.22598,0.09855,1.63107,3.33035,3.23273,1.40834,0,0.00058892,0.00058892,0.00058892
23,57.9053,1.50103,2.37591,2.06416,1.17942,0,0.03118,0.52778,0.1873,0.08027,0.03321,0.59667,0.19536,0.09194,1.64987,3.31534,3.22446,1.42373,0,0.000615039,0.000615039,0.000615039
24,59.8915,1.38726,2.19959,1.88751,1.14018,0,0.03131,0.47889,0.18986,0.08369,0.03292,0.54444,0.19097,0.09075,1.64844,3.19911,3.17264,1.40038,0,0.000641044,0.000641044,0.000641044
25,61.8292,1.3923,2.23285,1.90367,1.1404,0,0.03165,0.47556,0.17248,0.0862,0.03313,0.43667,0.18106,0.08692,1.62823,3.19293,3.10905,1.37535,0,0.000666936,0.000666936,0.000666936
26,63.8578,1.4828,2.27043,1.92058,1.14106,0,0.0331,0.59333,0.18025,0.09264,0.03466,0.60667,0.19541,0.0893,1.60521,3.08845,3.07043,1.37333,0,0.000692715,0.000692715,0.000692715
27,65.837,1.40759,2.24316,1.85644,1.11515,0,0.03477,0.59,0.19199,0.1073,0.03772,0.66556,0.21802,0.10682,1.57095,3.04589,3.04356,1.34258,0,0.000718381,0.000718381,0.000718381
28,67.7997,1.40293,2.2753,1.75102,1.14262,0,0.03477,0.59,0.19199,0.1073,0.03772,0.66556,0.21802,0.10682,1.57095,3.04589,3.04356,1.34258,0,0.000743933,0.000743933,0.000743933
29,69.8465,1.38522,2.29119,1.72726,1.1272,0,0.0391,0.60333,0.19224,0.10129,0.03953,0.65889,0.2161,0.10362,1.58032,3.04148,3.06727,1.34971,0,0.000769372,0.000769372,0.000769372
30,71.8608,1.31823,2.2203,1.73144,1.14917,0,0.03459,0.58333,0.17704,0.08838,0.03545,0.59,0.19236,0.09382,1.61318,3.0421,3.10761,1.37058,0,0.000794699,0.000794699,0.000794699
31,73.767,1.30681,2.21977,1.68605,1.1101,0,0.03459,0.58333,0.17704,0.08838,0.03545,0.59,0.19236,0.09382,1.61318,3.0421,3.10761,1.37058,0,0.000819912,0.000819912,0.000819912
32,75.7846,1.3439,2.16131,1.60984,1.109,0,0.03189,0.64889,0.18831,0.09165,0.03302,0.65889,0.20444,0.09834,1.66471,3.08662,3.04664,1.4095,0,0.000845011,0.000845011,0.000845011
33,77.7877,1.45159,2.24598,1.7837,1.16575,0,0.02937,0.66556,0.15692,0.07064,0.02937,0.66556,0.1687,0.07246,1.75922,3.11577,2.94352,1.41295,0,0.000869998,0.000869998,0.000869998
34,79.6555,1.3051,2.06061,1.61726,1.11901,0,0.02937,0.66556,0.15692,0.07064,0.02937,0.66556,0.1687,0.07246,1.75922,3.11577,2.94352,1.41295,0,0.000894872,0.000894872,0.000894872
35,81.6955,1.26793,2.08714,1.61487,1.09875,0,0.23328,0.1,0.13931,0.06446,0.24382,0.10333,0.16044,0.0653,1.74963,3.18087,2.75754,1.41514,0,0.000919632,0.000919632,0.000919632
36,83.7259,1.314,2.15264,1.68385,1.11994,0,0.1916,0.18845,0.14318,0.06883,0.19283,0.18333,0.14641,0.05834,1.74009,3.48644,2.53953,1.39591,0,0.000944279,0.000944279,0.000944279
37,85.6953,1.28008,2.21023,1.48567,1.14022,0,0.1916,0.18845,0.14318,0.06883,0.19283,0.18333,0.14641,0.05834,1.74009,3.48644,2.53953,1.39591,0,0.000968813,0.000968813,0.000968813
38,87.8132,1.32382,2.13934,1.57873,1.1372,0,0.69068,0.19333,0.14465,0.06181,0.70455,0.2054,0.15939,0.06736,1.83894,3.44451,2.44931,1.54427,0,0.000993234,0.000993234,0.000993234
39,89.7204,1.31254,2.19281,1.57098,1.14872,0,0.18734,0.16333,0.13832,0.05882,0.20397,0.17667,0.15306,0.05824,1.85406,3.32596,2.55265,1.55757,0,0.00101754,0.00101754,0.00101754
40,91.6414,1.31502,2.23723,1.61312,1.13977,0,0.18734,0.16333,0.13832,0.05882,0.20397,0.17667,0.15306,0.05824,1.85406,3.32596,2.55265,1.55757,0,0.00104174,0.00104174,0.00104174
41,93.6169,1.26549,2.06193,1.53739,1.12566,0,0.189,0.15396,0.14148,0.06481,0.1996,0.16833,0.12919,0.04796,1.77838,3.41078,2.599,1.52824,0,0.00106582,0.00106582,0.00106582
42,95.5097,1.27267,2.04972,1.52498,1.1288,0,0.25296,0.15556,0.12119,0.05861,0.29488,0.13889,0.1739,0.05017,1.67959,3.23966,2.8108,1.4704,0,0.00108978,0.00108978,0.00108978
43,97.2528,1.20969,2.04509,1.42739,1.115,0,0.25296,0.15556,0.12119,0.05861,0.29488,0.13889,0.1739,0.05017,1.67959,3.23966,2.8108,1.4704,0,0.00111364,0.00111364,0.00111364
44,99.1805,1.22679,2.15655,1.52009,1.13312,0,0.28117,0.11556,0.09872,0.04869,0.27651,0.15444,0.09585,0.04236,1.74893,3.07174,3.00934,1.54384,0,0.00113738,0.00113738,0.00113738
45,101.169,1.31084,2.14347,1.50673,1.12658,0,0.28117,0.11556,0.09872,0.04869,0.27651,0.15444,0.09585,0.04236,1.74893,3.07174,3.00934,1.54384,0,0.00116101,0.00116101,0.00116101
46,103.189,1.24075,1.99391,1.43316,1.11469,0,0.46325,0.21399,0.20193,0.08121,0.44286,0.19934,0.14551,0.05959,1.69672,3.16741,2.89457,1.46034,0,0.00118453,0.00118453,0.00118453
47,105.167,1.27205,2.02872,1.44998,1.09714,0,0.46325,0.21399,0.20193,0.08121,0.44286,0.19934,0.14551,0.05959,1.69672,3.16741,2.89457,1.46034,0,0.00120793,0.00120793,0.00120793
48,107.188,1.24076,2.01924,1.43732,1.11075,0,0.44184,0.20249,0.22276,0.10082,0.39143,0.24889,0.16615,0.06962,1.67339,3.40911,2.831,1.43706,0,0.00123122,0.00123122,0.00123122
49,109.139,1.18509,1.9513,1.40442,1.08594,0,0.44184,0.20249,0.22276,0.10082,0.39143,0.24889,0.16615,0.06962,1.67339,3.40911,2.831,1.43706,0,0.00125439,0.00125439,0.00125439
50,111.029,1.25816,2.01427,1.48939,1.11186,0,0.22799,0.59653,0.18709,0.10163,0.48823,0.26342,0.20258,0.10011,1.68287,3.2586,2.87152,1.43019,0,0.00127745,0.00127745,0.00127745
51,112.812,1.20855,2.05655,1.49577,1.07488,0,0.22799,0.59653,0.18709,0.10163,0.48823,0.26342,0.20258,0.10011,1.68287,3.2586,2.87152,1.43019,0,0.00128753,0.00128753,0.00128753
52,114.715,1.27316,2.06864,1.51732,1.12496,0,0.45271,0.37,0.22446,0.12943,0.45745,0.42556,0.24108,0.12277,1.66064,3.4278,2.69542,1.39628,0,0.0012847,0.0012847,0.0012847
53,116.577,1.2364,2.08786,1.44087,1.08968,0,0.45271,0.37,0.22446,0.12943,0.45745,0.42556,0.24108,0.12277,1.66064,3.4278,2.69542,1.39628,0,0.00128187,0.00128187,0.00128187
54,118.538,1.17828,1.89699,1.29455,1.07636,0,0.41301,0.47731,0.25254,0.14052,0.39853,0.47398,0.23982,0.12504,1.73649,3.54219,2.50992,1.50015,0,0.00127904,0.00127904,0.00127904
55,120.54,1.27263,2.13601,1.46501,1.0882,0,0.41301,0.47731,0.25254,0.14052,0.39853,0.47398,0.23982,0.12504,1.73649,3.54219,2.50992,1.50015,0,0.00127621,0.00127621,0.00127621
56,122.566,1.23297,1.99412,1.40899,1.0684,0,0.31969,0.48657,0.23995,0.12648,0.32438,0.4941,0.23747,0.11847,1.73468,3.28441,2.30677,1.4703,0,0.00127338,0.00127338,0.00127338
57,124.566,1.26914,2.0924,1.37406,1.08201,0,0.31969,0.48657,0.23995,0.12648,0.32438,0.4941,0.23747,0.11847,1.73468,3.28441,2.30677,1.4703,0,0.00127055,0.00127055,0.00127055
58,126.464,1.22822,1.93778,1.35943,1.09822,0,0.31896,0.46531,0.28486,0.15454,0.33661,0.52753,0.2957,0.15774,1.75773,2.99369,2.21523,1.49162,0,0.00126772,0.00126772,0.00126772
59,128.459,1.18691,1.91948,1.29861,1.08181,0,0.31896,0.46531,0.28486,0.15454,0.33661,0.52753,0.2957,0.15774,1.75773,2.99369,2.21523,1.49162,0,0.00126489,0.00126489,0.00126489
60,130.521,1.27848,2.08532,1.35359,1.07352,0,0.36258,0.56496,0.39252,0.2332,0.36848,0.5683,0.38872,0.21364,1.72568,3.09837,2.09086,1.45412,0,0.00126206,0.00126206,0.00126206
61,132.568,1.18283,2.0266,1.33483,1.06387,0,0.36258,0.56496,0.39252,0.2332,0.36848,0.5683,0.38872,0.21364,1.72568,3.09837,2.09086,1.45412,0,0.00125923,0.00125923,0.00125923
62,134.563,1.10535,1.89264,1.27355,1.04743,0,0.55437,0.35168,0.44993,0.27507,0.64936,0.31736,0.44992,0.25861,1.73841,3.29529,2.13704,1.47879,0,0.00125641,0.00125641,0.00125641
63,136.535,1.10492,1.95664,1.22948,1.05542,0,0.55437,0.35168,0.44993,0.27507,0.64936,0.31736,0.44992,0.25861,1.73841,3.29529,2.13704,1.47879,0,0.00125358,0.00125358,0.00125358
64,138.601,1.13524,1.93097,1.24131,1.04873,0,0.7203,0.29002,0.45421,0.2843,0.7203,0.29002,0.4449,0.25226,1.7196,3.63132,2.34568,1.48109,0,0.00125075,0.00125075,0.00125075
65,140.542,1.16283,1.88403,1.26164,1.09745,0,0.7203,0.29002,0.45421,0.2843,0.7203,0.29002,0.4449,0.25226,1.7196,3.63132,2.34568,1.48109,0,0.00124792,0.00124792,0.00124792
66,142.545,1.13145,1.89122,1.28302,1.06405,0,0.73681,0.29423,0.44791,0.29329,0.73681,0.29423,0.43206,0.24209,1.69502,3.41296,2.24883,1.4615,0,0.00124509,0.00124509,0.00124509
67,144.477,1.08169,1.79729,1.13705,1.03044,0,0.73681,0.29423,0.44791,0.29329,0.73681,0.29423,0.43206,0.24209,1.69502,3.41296,2.24883,1.4615,0,0.00124226,0.00124226,0.00124226
68,146.49,1.13368,2.00527,1.23255,1.07426,0,0.37018,0.57222,0.42149,0.26254,0.53349,0.44421,0.44866,0.2305,1.71,3.17252,2.05974,1.46409,0,0.00123943,0.00123943,0.00123943
69,148.431,1.13274,1.92832,1.27138,1.06578,0,0.37018,0.57222,0.42149,0.26254,0.53349,0.44421,0.44866,0.2305,1.71,3.17252,2.05974,1.46409,0,0.0012366,0.0012366,0.0012366
70,150.469,1.15606,1.84188,1.16513,1.05899,0,0.53418,0.32582,0.33777,0.20217,0.54077,0.36738,0.41965,0.18592,1.73098,3.10874,2.10504,1.49861,0,0.00123377,0.00123377,0.00123377
71,152.41,1.15654,1.89289,1.17139,1.03217,0,0.53418,0.32582,0.33777,0.20217,0.54077,0.36738,0.41965,0.18592,1.73098,3.10874,2.10504,1.49861,0,0.00123094,0.00123094,0.00123094
72,154.401,1.13832,1.93175,1.24281,1.05112,0,0.37666,0.38222,0.23558,0.12354,0.37334,0.43111,0.25247,0.11516,1.71944,3.10177,2.07253,1.51374,0,0.00122811,0.00122811,0.00122811
73,156.359,1.14559,1.86833,1.15862,1.04055,0,0.37666,0.38222,0.23558,0.12354,0.37334,0.43111,0.25247,0.11516,1.71944,3.10177,2.07253,1.51374,0,0.00122528,0.00122528,0.00122528
74,158.342,1.17828,1.91889,1.24112,1.05102,0,0.34354,0.28406,0.21296,0.1088,0.338,0.28387,0.21103,0.09826,1.78898,3.03275,2.26546,1.58373,0,0.00122245,0.00122245,0.00122245
75,160.313,1.12056,1.78766,1.14444,1.05281,0,0.34354,0.28406,0.21296,0.1088,0.338,0.28387,0.21103,0.09826,1.78898,3.03275,2.26546,1.58373,0,0.00121962,0.00121962,0.00121962
76,162.327,1.13186,1.85461,1.16018,1.04827,0,0.31081,0.15222,0.11067,0.05665,0.33261,0.20778,0.17405,0.05707,1.8464,3.11037,2.5438,1.58904,0,0.00121679,0.00121679,0.00121679
77,164.227,1.12678,1.92432,1.1436,1.03392,0,0.31081,0.15222,0.11067,0.05665,0.33261,0.20778,0.17405,0.05707,1.8464,3.11037,2.5438,1.58904,0,0.00121396,0.00121396,0.00121396
78,166.074,1.13144,1.97821,1.19279,1.03991,0,0.11259,0.13889,0.05589,0.02916,0.12077,0.18778,0.1158,0.04337,1.87405,3.14821,2.67449,1.59214,0,0.00121113,0.00121113,0.00121113
79,167.908,1.05832,1.90277,1.07227,1.02872,0,0.11259,0.13889,0.05589,0.02916,0.12077,0.18778,0.1158,0.04337,1.87405,3.14821,2.67449,1.59214,0,0.00120831,0.00120831,0.00120831
80,169.763,1.08985,1.88596,1.15845,1.04982,0,0.20999,0.25444,0.12444,0.06295,0.22887,0.36994,0.1624,0.05949,1.79265,2.95454,2.37515,1.53331,0,0.00120548,0.00120548,0.00120548
81,171.74,1.06011,1.85678,1.07328,1.02007,0,0.20999,0.25444,0.12444,0.06295,0.22887,0.36994,0.1624,0.05949,1.79265,2.95454,2.37515,1.53331,0,0.00120265,0.00120265,0.00120265
82,173.757,1.11587,1.91499,1.16123,1.04003,0,0.35602,0.34333,0.20341,0.09283,0.36052,0.40889,0.22098,0.08594,1.80657,3.01981,2.30691,1.53348,0,0.00119982,0.00119982,0.00119982
83,175.59,1.09141,1.86928,1.13921,1.0288,0,0.35602,0.34333,0.20341,0.09283,0.36052,0.40889,0.22098,0.08594,1.80657,3.01981,2.30691,1.53348,0,0.00119699,0.00119699,0.00119699
84,177.496,1.03891,1.77028,1.06726,1.00151,0,0.36021,0.34889,0.23188,0.11778,0.33597,0.41556,0.24231,0.10476,1.72578,3.09317,2.09617,1.47441,0,0.00119416,0.00119416,0.00119416
85,179.31,1.01723,1.70788,0.98637,1.00594,0,0.36021,0.34889,0.23188,0.11778,0.33597,0.41556,0.24231,0.10476,1.72578,3.09317,2.09617,1.47441,0,0.00119133,0.00119133,0.00119133
86,181.214,1.06106,1.93579,1.07594,0.99724,0,0.35832,0.44111,0.22106,0.12773,0.35374,0.44778,0.23263,0.10338,1.67215,2.97581,2.19935,1.41485,0,0.0011885,0.0011885,0.0011885
87,183.062,1.07921,1.8675,1.06325,1.03953,0,0.35832,0.44111,0.22106,0.12773,0.35374,0.44778,0.23263,0.10338,1.67215,2.97581,2.19935,1.41485,0,0.00118567,0.00118567,0.00118567
88,184.951,1.06062,1.89123,1.061,1.01519,0,0.35987,0.38556,0.21963,0.11908,0.38994,0.50667,0.25283,0.10584,1.72512,2.93216,2.45685,1.45902,0,0.00118284,0.00118284,0.00118284
89,186.806,1.01145,1.82267,1.11051,0.99976,0,0.35987,0.38556,0.21963,0.11908,0.38994,0.50667,0.25283,0.10584,1.72512,2.93216,2.45685,1.45902,0,0.00118001,0.00118001,0.00118001
90,188.773,1.06558,1.78779,1.06605,1.04516,0,0.30688,0.29577,0.20408,0.1097,0.34217,0.36667,0.23523,0.10121,1.70768,2.85025,2.45761,1.45703,0,0.00117718,0.00117718,0.00117718
91,190.738,1.10679,1.87889,1.07694,0.99291,0,0.30688,0.29577,0.20408,0.1097,0.34217,0.36667,0.23523,0.10121,1.70768,2.85025,2.45761,1.45703,0,0.00117435,0.00117435,0.00117435
92,192.781,1.00862,1.66841,1.03658,0.9792,0,0.29035,0.4734,0.20741,0.11609,0.31404,0.49111,0.21767,0.10149,1.6489,2.82488,2.3112,1.39731,0,0.00117152,0.00117152,0.00117152
93,194.627,1.12843,1.79462,1.19138,1.04474,0,0.29035,0.4734,0.20741,0.11609,0.31404,0.49111,0.21767,0.10149,1.6489,2.82488,2.3112,1.39731,0,0.00116869,0.00116869,0.00116869
94,196.503,1.06577,1.72551,0.97166,1.00699,0,0.33367,0.35,0.21435,0.1177,0.3414,0.36,0.2195,0.10836,1.62541,2.81976,2.26009,1.37725,0,0.00116586,0.00116586,0.00116586
95,198.352,1.00702,1.67533,0.969,0.98307,0,0.33367,0.35,0.21435,0.1177,0.3414,0.36,0.2195,0.10836,1.62541,2.81976,2.26009,1.37725,0,0.00116303,0.00116303,0.00116303
96,200.248,1.02804,1.81623,1.02393,1.00877,0,0.32559,0.35948,0.2275,0.12803,0.33097,0.36281,0.22715,0.11267,1.57117,2.84337,2.27526,1.36537,0,0.00116021,0.00116021,0.00116021
97,202.205,1.04291,1.70269,0.98681,0.98627,0,0.32559,0.35948,0.2275,0.12803,0.33097,0.36281,0.22715,0.11267,1.57117,2.84337,2.27526,1.36537,0,0.00115738,0.00115738,0.00115738
98,204.21,1.05046,1.76022,1.00146,0.99763,0,0.34196,0.37333,0.23376,0.1242,0.34833,0.37667,0.23177,0.11345,1.56041,2.87432,2.21125,1.36364,0,0.00115455,0.00115455,0.00115455
99,206.159,0.98064,1.73693,1.00045,0.98574,0,0.34196,0.37333,0.23376,0.1242,0.34833,0.37667,0.23177,0.11345,1.56041,2.87432,2.21125,1.36364,0,0.00115172,0.00115172,0.00115172
100,208.168,0.98315,1.74725,1.02978,0.97851,0,0.39799,0.34667,0.24686,0.13368,0.40165,0.35,0.24207,0.12231,1.55309,2.83024,2.07536,1.3394,0,0.00114889,0.00114889,0.00114889
101,209.996,1.01591,1.7316,0.97261,1.00903,0,0.39799,0.34667,0.24686,0.13368,0.40165,0.35,0.24207,0.12231,1.55309,2.83024,2.07536,1.3394,0,0.00114606,0.00114606,0.00114606
102,211.958,0.97522,1.64847,0.98563,0.99111,0,0.4709,0.43889,0.31743,0.18142,0.45038,0.43222,0.30598,0.17172,1.54459,2.82131,1.86405,1.32849,0,0.00114323,0.00114323,0.00114323
103,213.929,1.01961,1.71326,1.0614,1.00339,0,0.4709,0.43889,0.31743,0.18142,0.45038,0.43222,0.30598,0.17172,1.54459,2.82131,1.86405,1.32849,0,0.0011404,0.0011404,0.0011404
104,215.903,0.99273,1.71348,1.01618,0.99519,0,0.36937,0.35444,0.29326,0.15988,0.36736,0.35111,0.28048,0.14455,1.55767,2.88604,1.78262,1.35394,0,0.00113757,0.00113757,0.00113757
105,217.915,0.962,1.67067,0.90898,0.97503,0,0.36937,0.35444,0.29326,0.15988,0.36736,0.35111,0.28048,0.14455,1.55767,2.88604,1.78262,1.35394,0,0.00113474,0.00113474,0.00113474
106,219.921,1.01519,1.83246,1.05056,1.00565,0,0.25456,0.45,0.2818,0.14626,0.2538,0.45333,0.26686,0.13146,1.64818,2.90489,1.76467,1.41301,0,0.00113191,0.00113191,0.00113191
107,221.978,0.99427,1.72781,0.97522,0.99269,0,0.25456,0.45,0.2818,0.14626,0.2538,0.45333,0.26686,0.13146,1.64818,2.90489,1.76467,1.41301,0,0.00112908,0.00112908,0.00112908
108,223.969,1.01492,1.847,1.0337,1.01026,0,0.24517,0.34222,0.28928,0.14448,0.2434,0.34222,0.27849,0.1328,1.70058,2.90759,1.76488,1.42632,0,0.00112625,0.00112625,0.00112625
109,225.79,1.0037,1.69511,0.91618,0.9701,0,0.24517,0.34222,0.28928,0.14448,0.2434,0.34222,0.27849,0.1328,1.70058,2.90759,1.76488,1.42632,0,0.00112342,0.00112342,0.00112342
110,227.599,0.99424,1.6032,1.03269,0.97363,0,0.33755,0.47889,0.28796,0.14481,0.33077,0.47021,0.27325,0.13401,1.74913,2.89498,1.80278,1.45432,0,0.00112059,0.00112059,0.00112059
111,229.381,0.97261,1.63191,0.93305,0.96514,0,0.33755,0.47889,0.28796,0.14481,0.33077,0.47021,0.27325,0.13401,1.74913,2.89498,1.80278,1.45432,0,0.00111776,0.00111776,0.00111776
112,231.209,0.96022,1.61866,0.89339,0.97637,0,0.38864,0.47755,0.28841,0.14838,0.39895,0.48421,0.29206,0.1423,1.73954,2.93441,1.89324,1.44087,0,0.00111493,0.00111493,0.00111493
113,232.997,0.97676,1.67696,1.01806,0.97448,0,0.38864,0.47755,0.28841,0.14838,0.39895,0.48421,0.29206,0.1423,1.73954,2.93441,1.89324,1.44087,0,0.0011121,0.0011121,0.0011121
114,234.821,0.97125,1.70336,0.87894,0.97559,0,0.46635,0.49433,0.34809,0.14854,0.42185,0.47444,0.29192,0.13699,1.74397,2.90493,2.07679,1.46321,0,0.00110928,0.00110928,0.00110928
115,236.729,0.97307,1.64677,0.9056,0.96827,0,0.46635,0.49433,0.34809,0.14854,0.42185,0.47444,0.29192,0.13699,1.74397,2.90493,2.07679,1.46321,0,0.00110645,0.00110645,0.00110645
116,238.661,0.92132,1.69937,0.97002,0.98978,0,0.44477,0.45188,0.35125,0.14817,0.40248,0.48171,0.28317,0.13338,1.76213,2.86428,2.09819,1.49514,0,0.00110362,0.00110362,0.00110362
117,240.629,0.96198,1.70455,0.99484,1.00704,0,0.44477,0.45188,0.35125,0.14817,0.40248,0.48171,0.28317,0.13338,1.76213,2.86428,2.09819,1.49514,0,0.00110079,0.00110079,0.00110079
118,242.562,0.91944,1.57145,0.92442,0.9836,0,0.36175,0.45111,0.2426,0.12818,0.38162,0.4652,0.2471,0.11543,1.77275,2.94463,2.64422,1.51536,0,0.00109796,0.00109796,0.00109796
119,244.396,0.91609,1.63471,0.90152,0.97473,0,0.36175,0.45111,0.2426,0.12818,0.38162,0.4652,0.2471,0.11543,1.77275,2.94463,2.64422,1.51536,0,0.00109513,0.00109513,0.00109513
120,246.347,0.95348,1.57507,0.88996,0.96639,0,0.36601,0.47667,0.28463,0.12245,0.34722,0.41444,0.21851,0.10553,1.72836,3.1346,2.98701,1.46821,0,0.0010923,0.0010923,0.0010923
121,248.311,0.91093,1.59619,0.91608,0.9509,0,0.36601,0.47667,0.28463,0.12245,0.34722,0.41444,0.21851,0.10553,1.72836,3.1346,2.98701,1.46821,0,0.00108947,0.00108947,0.00108947
122,250.298,0.97814,1.65749,0.86311,0.96442,0,0.41241,0.45166,0.29562,0.12877,0.38768,0.38944,0.23636,0.11421,1.71882,3.23689,3.09937,1.48489,0,0.00108664,0.00108664,0.00108664
123,252.315,0.97562,1.64411,0.92956,0.98685,0,0.41241,0.45166,0.29562,0.12877,0.38768,0.38944,0.23636,0.11421,1.71882,3.23689,3.09937,1.48489,0,0.00108381,0.00108381,0.00108381
124,254.362,0.98816,1.62261,0.91281,0.99078,0,0.42918,0.37927,0.26871,0.13872,0.41546,0.37594,0.27106,0.13222,1.68697,3.11692,3.1943,1.43468,0,0.00108098,0.00108098,0.00108098
125,256.32,0.94423,1.64409,0.90697,0.96314,0,0.42918,0.37927,0.26871,0.13872,0.41546,0.37594,0.27106,0.13222,1.68697,3.11692,3.1943,1.43468,0,0.00107815,0.00107815,0.00107815
126,258.29,0.97657,1.65625,0.82634,0.95516,0,0.44676,0.42103,0.29457,0.15785,0.46114,0.3688,0.30604,0.14553,1.65272,3.06037,3.26435,1.40744,0,0.00107532,0.00107532,0.00107532
127,260.226,0.92148,1.66499,0.94296,0.96152,0,0.44676,0.42103,0.29457,0.15785,0.46114,0.3688,0.30604,0.14553,1.65272,3.06037,3.26435,1.40744,0,0.00107249,0.00107249,0.00107249
128,262.219,0.93188,1.64644,0.92094,0.95454,0,0.43963,0.40845,0.26846,0.14284,0.45848,0.41179,0.27673,0.13106,1.62488,2.98511,3.16825,1.38647,0,0.00106966,0.00106966,0.00106966
129,264.194,0.93883,1.67832,0.92413,0.94366,0,0.43963,0.40845,0.26846,0.14284,0.45848,0.41179,0.27673,0.13106,1.62488,2.98511,3.16825,1.38647,0,0.00106683,0.00106683,0.00106683
130,266.195,0.94147,1.66554,0.89965,0.95321,0,0.41845,0.48667,0.28383,0.157,0.42716,0.49,0.28695,0.14227,1.67823,2.94856,2.78248,1.43641,0,0.001064,0.001064,0.001064
131,267.994,0.97965,1.73609,0.87933,0.95936,0,0.41845,0.48667,0.28383,0.157,0.42716,0.49,0.28695,0.14227,1.67823,2.94856,2.78248,1.43641,0,0.00106118,0.00106118,0.00106118
132,269.831,0.90481,1.68074,0.83762,0.95075,0,0.37978,0.50257,0.27852,0.15944,0.39391,0.50924,0.29555,0.14686,1.6824,2.94564,2.54133,1.43463,0,0.00105835,0.00105835,0.00105835
133,271.666,0.89337,1.59345,0.83408,0.96593,0,0.37978,0.50257,0.27852,0.15944,0.39391,0.50924,0.29555,0.14686,1.6824,2.94564,2.54133,1.43463,0,0.00105552,0.00105552,0.00105552
134,273.41,0.89922,1.61425,0.93844,0.97006,0,0.38813,0.51667,0.26924,0.14441,0.39657,0.46835,0.27374,0.13503,1.71269,2.84222,2.48176,1.46235,0,0.00105269,0.00105269,0.00105269
135,275.278,0.94403,1.63001,0.89506,0.96477,0,0.38813,0.51667,0.26924,0.14441,0.39657,0.46835,0.27374,0.13503,1.71269,2.84222,2.48176,1.46235,0,0.00104986,0.00104986,0.00104986
136,277.107,0.92182,1.5133,0.86322,0.93972,0,0.39412,0.56419,0.27858,0.14145,0.40266,0.51667,0.25763,0.12877,1.6843,2.88781,2.49941,1.4517,0,0.00104703,0.00104703,0.00104703
137,278.961,0.92002,1.60095,0.84348,0.95355,0,0.39412,0.56419,0.27858,0.14145,0.40266,0.51667,0.25763,0.12877,1.6843,2.88781,2.49941,1.4517,0,0.0010442,0.0010442,0.0010442
138,280.967,0.87278,1.54731,0.83588,0.93645,0,0.39182,0.48774,0.24126,0.13995,0.41551,0.49774,0.25034,0.12282,1.63315,2.90257,2.65293,1.41695,0,0.00104137,0.00104137,0.00104137
139,282.933,0.91875,1.59157,0.80323,0.95765,0,0.39182,0.48774,0.24126,0.13995,0.41551,0.49774,0.25034,0.12282,1.63315,2.90257,2.65293,1.41695,0,0.00103854,0.00103854,0.00103854
140,284.779,0.8544,1.57805,0.77537,0.95585,0,0.38373,0.37556,0.24649,0.14761,0.39861,0.43444,0.24981,0.12623,1.62947,2.92517,2.56106,1.4082,0,0.00103571,0.00103571,0.00103571
141,286.571,0.90052,1.59387,0.82957,0.95819,0,0.38373,0.37556,0.24649,0.14761,0.39861,0.43444,0.24981,0.12623,1.62947,2.92517,2.56106,1.4082,0,0.00103288,0.00103288,0.00103288
142,288.587,0.88339,1.60365,0.82668,0.96232,0,0.40719,0.52667,0.30057,0.14677,0.39629,0.47943,0.25659,0.12739,1.65138,2.99576,2.37035,1.4322,0,0.00103005,0.00103005,0.00103005
143,290.604,0.93369,1.60629,0.83355,0.96745,0,0.40719,0.52667,0.30057,0.14677,0.39629,0.47943,0.25659,0.12739,1.65138,2.99576,2.37035,1.4322,0,0.00102722,0.00102722,0.00102722
144,292.556,0.91071,1.66025,0.85945,0.96042,0,0.44123,0.48444,0.29316,0.14318,0.42144,0.42825,0.26092,0.12475,1.67604,3.03884,2.04695,1.44023,0,0.00102439,0.00102439,0.00102439
145,294.541,0.83057,1.47181,0.80856,0.94234,0,0.44123,0.48444,0.29316,0.14318,0.42144,0.42825,0.26092,0.12475,1.67604,3.03884,2.04695,1.44023,0,0.00102156,0.00102156,0.00102156
146,296.548,0.91824,1.59938,0.87541,0.96078,0,0.38834,0.45895,0.29196,0.15724,0.4084,0.51444,0.30986,0.14704,1.64207,3.04531,1.82296,1.4059,0,0.00101873,0.00101873,0.00101873
147,298.463,0.9208,1.67326,0.85059,0.97691,0,0.38834,0.45895,0.29196,0.15724,0.4084,0.51444,0.30986,0.14704,1.64207,3.04531,1.82296,1.4059,0,0.0010159,0.0010159,0.0010159
148,300.47,0.86098,1.57332,0.81534,0.93142,0,0.38497,0.47556,0.30534,0.16349,0.41433,0.53444,0.31936,0.15551,1.63031,2.95262,1.75237,1.39697,0,0.00101308,0.00101308,0.00101308
149,302.408,0.84024,1.49086,0.7646,0.94341,0,0.38497,0.47556,0.30534,0.16349,0.41433,0.53444,0.31936,0.15551,1.63031,2.95262,1.75237,1.39697,0,0.00101025,0.00101025,0.00101025
150,304.444,0.91472,1.56205,0.80372,0.95165,0,0.47015,0.36778,0.32427,0.18311,0.43301,0.49222,0.34198,0.17124,1.64319,2.97746,1.72159,1.42916,0,0.00100742,0.00100742,0.00100742
151,306.265,0.92544,1.62001,0.86846,0.95185,0,0.47015,0.36778,0.32427,0.18311,0.43301,0.49222,0.34198,0.17124,1.64319,2.97746,1.72159,1.42916,0,0.00100459,0.00100459,0.00100459
152,308.279,0.89797,1.54663,0.88112,0.92995,0,0.41229,0.41903,0.33238,0.18791,0.42101,0.48222,0.35247,0.17977,1.64934,3.00552,1.70652,1.44758,0,0.00100176,0.00100176,0.00100176
153,310.129,0.91164,1.58907,0.82554,0.96983,0,0.41229,0.41903,0.33238,0.18791,0.42101,0.48222,0.35247,0.17977,1.64934,3.00552,1.70652,1.44758,0,0.000998928,0.000998928,0.000998928
154,312.13,0.94339,1.6151,0.82666,0.96219,0,0.45741,0.46222,0.34828,0.2028,0.4854,0.53111,0.37432,0.1892,1.67983,2.99364,1.79816,1.44368,0,0.000996099,0.000996099,0.000996099
155,314.096,0.92322,1.57291,0.84338,0.96016,0,0.45741,0.46222,0.34828,0.2028,0.4854,0.53111,0.37432,0.1892,1.67983,2.99364,1.79816,1.44368,0,0.000993269,0.000993269,0.000993269
156,316.066,0.86642,1.44583,0.76604,0.93886,0,0.47347,0.44155,0.29996,0.17315,0.50408,0.49796,0.33775,0.16792,1.70866,2.98413,1.91133,1.42533,0,0.00099044,0.00099044,0.00099044
157,317.918,0.84002,1.63113,0.84222,0.94038,0,0.47347,0.44155,0.29996,0.17315,0.50408,0.49796,0.33775,0.16792,1.70866,2.98413,1.91133,1.42533,0,0.00098761,0.00098761,0.00098761
158,319.788,0.88077,1.53923,0.78261,0.93421,0,0.46951,0.42167,0.2958,0.1743,0.50642,0.46778,0.31585,0.16207,1.67504,3.01492,1.91663,1.41757,0,0.000984781,0.000984781,0.000984781
159,321.531,0.84618,1.53949,0.89903,0.94712,0,0.46951,0.42167,0.2958,0.1743,0.50642,0.46778,0.31585,0.16207,1.67504,3.01492,1.91663,1.41757,0,0.000981952,0.000981952,0.000981952
160,323.381,0.84069,1.47281,0.74731,0.92747,0,0.60162,0.42787,0.37708,0.22684,0.57008,0.42806,0.39214,0.20794,1.60298,3.03548,1.70856,1.37362,0,0.000979122,0.000979122,0.000979122
161,325.266,0.86301,1.41656,0.77229,0.93707,0,0.60162,0.42787,0.37708,0.22684,0.57008,0.42806,0.39214,0.20794,1.60298,3.03548,1.70856,1.37362,0,0.000976293,0.000976293,0.000976293
162,327.156,0.93589,1.55282,0.77127,0.95762,0,0.64409,0.43222,0.40614,0.2504,0.65037,0.43556,0.4204,0.22296,1.55817,3.06963,1.66909,1.36587,0,0.000973463,0.000973463,0.000973463
163,328.994,0.88528,1.55685,0.78724,0.92852,0,0.64409,0.43222,0.40614,0.2504,0.65037,0.43556,0.4204,0.22296,1.55817,3.06963,1.66909,1.36587,0,0.000970634,0.000970634,0.000970634
164,330.869,0.86756,1.53809,0.77151,0.93939,0,0.59531,0.40408,0.42815,0.27145,0.61022,0.47557,0.44437,0.24546,1.602,3.10173,1.72819,1.39504,0,0.000967805,0.000967805,0.000967805
165,332.83,0.86765,1.4512,0.81133,0.9264,0,0.59531,0.40408,0.42815,0.27145,0.61022,0.47557,0.44437,0.24546,1.602,3.10173,1.72819,1.39504,0,0.000964975,0.000964975,0.000964975
166,334.839,0.87143,1.42422,0.77186,0.92961,0,0.57015,0.40556,0.46756,0.29368,0.58497,0.41222,0.47105,0.27666,1.59472,3.0613,1.71263,1.40489,0,0.000962146,0.000962146,0.000962146
167,336.872,0.91205,1.50696,0.78609,0.95184,0,0.57015,0.40556,0.46756,0.29368,0.58497,0.41222,0.47105,0.27666,1.59472,3.0613,1.71263,1.40489,0,0.000959316,0.000959316,0.000959316
168,338.922,0.86943,1.513,0.80067,0.92992,0,0.59269,0.33745,0.4547,0.2937,0.6167,0.34733,0.45981,0.28361,1.55259,2.9823,1.72561,1.40191,0,0.000956487,0.000956487,0.000956487
169,340.879,0.76551,1.50891,0.7304,0.92707,0,0.59269,0.33745,0.4547,0.2937,0.6167,0.34733,0.45981,0.28361,1.55259,2.9823,1.72561,1.40191,0,0.000953657,0.000953657,0.000953657
170,342.729,0.90063,1.53227,0.81867,0.95556,0,0.56673,0.42426,0.44004,0.28381,0.62776,0.48576,0.47022,0.27931,1.62168,2.90497,1.74633,1.42942,0,0.000950828,0.000950828,0.000950828
171,344.508,0.88724,1.59184,0.79052,0.94323,0,0.56673,0.42426,0.44004,0.28381,0.62776,0.48576,0.47022,0.27931,1.62168,2.90497,1.74633,1.42942,0,0.000947999,0.000947999,0.000947999
172,346.32,0.84563,1.48353,0.79311,0.95829,0,0.53523,0.41556,0.43608,0.26704,0.75098,0.38277,0.48242,0.2657,1.65338,2.83533,1.84209,1.42173,0,0.000945169,0.000945169,0.000945169
173,348.275,0.81913,1.43774,0.72707,0.92562,0,0.53523,0.41556,0.43608,0.26704,0.75098,0.38277,0.48242,0.2657,1.65338,2.83533,1.84209,1.42173,0,0.00094234,0.00094234,0.00094234
174,350.294,0.83941,1.53114,0.79469,0.93304,0,0.6778,0.33445,0.45418,0.26325,0.66429,0.35879,0.4678,0.25652,1.66125,2.82953,1.91381,1.43774,0,0.00093951,0.00093951,0.00093951
175,352.277,0.8387,1.5254,0.7404,0.93277,0,0.6778,0.33445,0.45418,0.26325,0.66429,0.35879,0.4678,0.25652,1.66125,2.82953,1.91381,1.43774,0,0.000936681,0.000936681,0.000936681
176,354.253,0.78342,1.44052,0.71956,0.92079,0,0.41315,0.44444,0.40425,0.25669,0.4273,0.45111,0.42222,0.24773,1.66292,2.83663,2.05542,1.45829,0,0.000933851,0.000933851,0.000933851
177,356.136,0.85614,1.56679,0.79659,0.95418,0,0.41315,0.44444,0.40425,0.25669,0.4273,0.45111,0.42222,0.24773,1.66292,2.83663,2.05542,1.45829,0,0.000931022,0.000931022,0.000931022
178,358.038,0.8088,1.44838,0.71625,0.92175,0,0.32056,0.51667,0.37566,0.24465,0.32742,0.52333,0.39222,0.23325,1.67136,2.84881,2.36693,1.4681,0,0.000928193,0.000928193,0.000928193
179,359.775,0.82075,1.42549,0.74172,0.9474,0,0.32056,0.51667,0.37566,0.24465,0.32742,0.52333,0.39222,0.23325,1.67136,2.84881,2.36693,1.4681,0,0.000925363,0.000925363,0.000925363
180,361.677,0.79591,1.4264,0.74197,0.9131,0,0.41273,0.42222,0.36805,0.22681,0.41273,0.42222,0.36526,0.21698,1.65167,2.91714,2.75928,1.44794,0,0.000922534,0.000922534,0.000922534
181,363.556,0.77102,1.3748,0.69369,0.91707,0,0.41273,0.42222,0.36805,0.22681,0.41273,0.42222,0.36526,0.21698,1.65167,2.91714,2.75928,1.44794,0,0.000919704,0.000919704,0.000919704
182,365.428,0.80675,1.50132,0.71607,0.93233,0,0.42973,0.40802,0.32262,0.18448,0.42973,0.40802,0.31451,0.17348,1.65989,2.93176,3.00069,1.43134,0,0.000916875,0.000916875,0.000916875
183,367.326,0.8383,1.51693,0.73884,0.92993,0,0.42973,0.40802,0.32262,0.18448,0.42973,0.40802,0.31451,0.17348,1.65989,2.93176,3.00069,1.43134,0,0.000914046,0.000914046,0.000914046
184,369.305,0.75089,1.39311,0.69778,0.92333,0,0.45513,0.42206,0.27924,0.15401,0.44498,0.41873,0.28146,0.14256,1.63469,2.93814,2.90856,1.41465,0,0.000911216,0.000911216,0.000911216
185,371.263,0.76656,1.39518,0.67367,0.90446,0,0.45513,0.42206,0.27924,0.15401,0.44498,0.41873,0.28146,0.14256,1.63469,2.93814,2.90856,1.41465,0,0.000908387,0.000908387,0.000908387
186,373.259,0.82678,1.48703,0.71603,0.9319,0,0.43511,0.44595,0.27458,0.15673,0.44338,0.44929,0.28111,0.14632,1.59702,2.85633,2.70668,1.39278,0,0.000905557,0.000905557,0.000905557
187,375.249,0.81044,1.45037,0.69999,0.91338,0,0.43511,0.44595,0.27458,0.15673,0.44338,0.44929,0.28111,0.14632,1.59702,2.85633,2.70668,1.39278,0,0.000902728,0.000902728,0.000902728
188,377.087,0.74021,1.39476,0.66146,0.90842,0,0.42354,0.45942,0.28363,0.16366,0.42295,0.46111,0.30397,0.15196,1.58852,2.76766,2.45134,1.40171,0,0.000899898,0.000899898,0.000899898
189,378.913,0.84483,1.48366,0.72777,0.92486,0,0.42354,0.45942,0.28363,0.16366,0.42295,0.46111,0.30397,0.15196,1.58852,2.76766,2.45134,1.40171,0,0.000897069,0.000897069,0.000897069
190,380.761,0.78914,1.3907,0.67486,0.91981,0,0.36974,0.4844,0.28815,0.17044,0.38367,0.48111,0.3095,0.15541,1.5942,2.75233,2.15366,1.40994,0,0.00089424,0.00089424,0.00089424
191,382.575,0.81134,1.52706,0.75469,0.91855,0,0.36974,0.4844,0.28815,0.17044,0.38367,0.48111,0.3095,0.15541,1.5942,2.75233,2.15366,1.40994,0,0.00089141,0.00089141,0.00089141
192,384.49,0.81928,1.52709,0.70817,0.92934,0,0.37374,0.43152,0.27675,0.1606,0.40145,0.48421,0.31921,0.15561,1.59543,2.77302,1.98441,1.39758,0,0.000888581,0.000888581,0.000888581
193,386.445,0.81675,1.41914,0.6973,0.92603,0,0.37374,0.43152,0.27675,0.1606,0.40145,0.48421,0.31921,0.15561,1.59543,2.77302,1.98441,1.39758,0,0.000885751,0.000885751,0.000885751
194,388.286,0.81834,1.49042,0.70798,0.93763,0,0.39801,0.45094,0.29114,0.15747,0.43407,0.49747,0.31513,0.15409,1.61276,2.76526,1.83653,1.40015,0,0.000882922,0.000882922,0.000882922
195,390.24,0.80115,1.49396,0.77601,0.91088,0,0.39801,0.45094,0.29114,0.15747,0.43407,0.49747,0.31513,0.15409,1.61276,2.76526,1.83653,1.40015,0,0.000880093,0.000880093,0.000880093
196,392.248,0.76472,1.38401,0.66473,0.90895,0,0.45422,0.49723,0.37564,0.17464,0.44139,0.50778,0.31226,0.15707,1.6046,2.73474,1.82491,1.39157,0,0.000877263,0.000877263,0.000877263
197,394.244,0.75328,1.41133,0.69166,0.89899,0,0.45422,0.49723,0.37564,0.17464,0.44139,0.50778,0.31226,0.15707,1.6046,2.73474,1.82491,1.39157,0,0.000874434,0.000874434,0.000874434
198,396.139,0.77185,1.45485,0.68795,0.91414,0,0.43608,0.54,0.39403,0.18379,0.43509,0.49111,0.31463,0.16826,1.6181,2.74885,1.85801,1.4125,0,0.000871604,0.000871604,0.000871604
199,397.986,0.7774,1.45197,0.71802,0.91277,0,0.43608,0.54,0.39403,0.18379,0.43509,0.49111,0.31463,0.16826,1.6181,2.74885,1.85801,1.4125,0,0.000868775,0.000868775,0.000868775
200,399.895,0.8227,1.463,0.71086,0.90595,0,0.3894,0.52333,0.35219,0.18798,0.38051,0.49444,0.3254,0.17872,1.59512,2.82551,1.96174,1.36918,0,0.000865945,0.000865945,0.000865945
201,401.846,0.7681,1.44268,0.68643,0.90794,0,0.3894,0.52333,0.35219,0.18798,0.38051,0.49444,0.3254,0.17872,1.59512,2.82551,1.96174,1.36918,0,0.000863116,0.000863116,0.000863116
202,403.831,0.80548,1.45376,0.71929,0.94249,0,0.31721,0.53,0.29733,0.16992,0.33544,0.48113,0.29096,0.15632,1.60784,2.88792,2.44022,1.37343,0,0.000860287,0.000860287,0.000860287
203,405.82,0.73692,1.37222,0.67959,0.90567,0,0.31721,0.53,0.29733,0.16992,0.33544,0.48113,0.29096,0.15632,1.60784,2.88792,2.44022,1.37343,0,0.000857457,0.000857457,0.000857457
204,407.838,0.80752,1.41409,0.71902,0.92331,0,0.32429,0.46444,0.28533,0.16409,0.33261,0.46515,0.28876,0.16064,1.62804,2.88442,2.58117,1.38225,0,0.000854628,0.000854628,0.000854628
205,409.794,0.77974,1.38794,0.67974,0.91683,0,0.32429,0.46444,0.28533,0.16409,0.33261,0.46515,0.28876,0.16064,1.62804,2.88442,2.58117,1.38225,0,0.000851798,0.000851798,0.000851798
206,411.771,0.81868,1.43448,0.74397,0.92044,0,0.35041,0.47444,0.34276,0.20486,0.36133,0.47619,0.34775,0.19436,1.61953,2.77993,2.27108,1.39808,0,0.000848969,0.000848969,0.000848969
207,413.619,0.72878,1.45256,0.67035,0.90278,0,0.35041,0.47444,0.34276,0.20486,0.36133,0.47619,0.34775,0.19436,1.61953,2.77993,2.27108,1.39808,0,0.000846139,0.000846139,0.000846139
208,415.557,0.76727,1.3626,0.67315,0.90738,0,0.49549,0.34556,0.31851,0.1805,0.44718,0.39222,0.32378,0.17913,1.60069,2.73652,1.97568,1.38876,0,0.00084331,0.00084331,0.00084331
209,417.51,0.77199,1.43188,0.6754,0.90857,0,0.49549,0.34556,0.31851,0.1805,0.44718,0.39222,0.32378,0.17913,1.60069,2.73652,1.97568,1.38876,0,0.000840481,0.000840481,0.000840481
210,419.397,0.78983,1.421,0.68312,0.92802,0,0.53295,0.37556,0.32533,0.19228,0.53295,0.37556,0.33489,0.18839,1.59637,2.72309,1.854,1.38494,0,0.000837651,0.000837651,0.000837651
211,421.187,0.82592,1.46282,0.75161,0.95686,0,0.53295,0.37556,0.32533,0.19228,0.53295,0.37556,0.33489,0.18839,1.59637,2.72309,1.854,1.38494,0,0.000834822,0.000834822,0.000834822
212,422.974,0.7778,1.41061,0.71939,0.92385,0,0.59305,0.37629,0.35804,0.21111,0.59305,0.37629,0.36534,0.2036,1.58746,2.75805,1.80334,1.40076,0,0.000831992,0.000831992,0.000831992
213,424.9,0.75435,1.46131,0.66878,0.89786,0,0.59305,0.37629,0.35804,0.21111,0.59305,0.37629,0.36534,0.2036,1.58746,2.75805,1.80334,1.40076,0,0.000829163,0.000829163,0.000829163
214,426.863,0.80808,1.46595,0.76568,0.93141,0,0.52608,0.48778,0.3479,0.19483,0.53322,0.49111,0.35313,0.1793,1.59862,2.81736,1.75314,1.42248,0,0.000826334,0.000826334,0.000826334
215,428.846,0.73915,1.31982,0.65165,0.88809,0,0.52608,0.48778,0.3479,0.19483,0.53322,0.49111,0.35313,0.1793,1.59862,2.81736,1.75314,1.42248,0,0.000823504,0.000823504,0.000823504
216,430.849,0.77591,1.3927,0.70217,0.91044,0,0.40018,0.48841,0.32436,0.17135,0.39806,0.48556,0.31798,0.15863,1.60144,2.87673,1.67927,1.41911,0,0.000820675,0.000820675,0.000820675
217,432.859,0.76565,1.3842,0.65586,0.90842,0,0.40018,0.48841,0.32436,0.17135,0.39806,0.48556,0.31798,0.15863,1.60144,2.87673,1.67927,1.41911,0,0.000817845,0.000817845,0.000817845
218,434.841,0.73647,1.39795,0.66546,0.90945,0,0.46035,0.28889,0.31087,0.16447,0.44913,0.28222,0.3037,0.14663,1.60439,2.88466,1.66348,1.41715,0,0.000815016,0.000815016,0.000815016
219,436.824,0.74191,1.33516,0.69362,0.91447,0,0.46035,0.28889,0.31087,0.16447,0.44913,0.28222,0.3037,0.14663,1.60439,2.88466,1.66348,1.41715,0,0.000812186,0.000812186,0.000812186
220,438.848,0.73731,1.34839,0.6593,0.89878,0,0.42159,0.3047,0.30469,0.16294,0.43638,0.31408,0.31469,0.15152,1.62174,2.89904,1.62187,1.45418,0,0.000809357,0.000809357,0.000809357
221,440.828,0.76819,1.42803,0.71867,0.91833,0,0.42159,0.3047,0.30469,0.16294,0.43638,0.31408,0.31469,0.15152,1.62174,2.89904,1.62187,1.45418,0,0.000806528,0.000806528,0.000806528
222,442.847,0.72831,1.43554,0.66832,0.89417,0,0.35619,0.31222,0.28772,0.15826,0.38111,0.33222,0.31558,0.15259,1.6232,2.90527,1.62585,1.45255,0,0.000803698,0.000803698,0.000803698
223,444.784,0.76674,1.39303,0.66521,0.91369,0,0.35619,0.31222,0.28772,0.15826,0.38111,0.33222,0.31558,0.15259,1.6232,2.90527,1.62585,1.45255,0,0.000800869,0.000800869,0.000800869
224,446.713,0.72242,1.37665,0.60811,0.89909,0,0.34598,0.33222,0.27733,0.15569,0.35892,0.34222,0.30474,0.14452,1.64963,2.90669,1.60211,1.47626,0,0.000798039,0.000798039,0.000798039
225,448.597,0.72142,1.26816,0.63864,0.9036,0,0.34598,0.33222,0.27733,0.15569,0.35892,0.34222,0.30474,0.14452,1.64963,2.90669,1.60211,1.47626,0,0.00079521,0.00079521,0.00079521
226,450.527,0.74961,1.36924,0.6582,0.91297,0,0.35051,0.31556,0.27937,0.14974,0.37777,0.32889,0.30558,0.14333,1.66782,2.85576,1.62387,1.49522,0,0.00079238,0.00079238,0.00079238
227,452.443,0.70975,1.37332,0.67553,0.90465,0,0.35051,0.31556,0.27937,0.14974,0.37777,0.32889,0.30558,0.14333,1.66782,2.85576,1.62387,1.49522,0,0.000789551,0.000789551,0.000789551
228,454.479,0.76133,1.41292,0.66068,0.91185,0,0.42137,0.31889,0.29501,0.15465,0.44421,0.33556,0.32828,0.14884,1.6748,2.84059,1.5566,1.51667,0,0.000786722,0.000786722,0.000786722
229,456.486,0.73975,1.35818,0.65217,0.90404,0,0.42137,0.31889,0.29501,0.15465,0.44421,0.33556,0.32828,0.14884,1.6748,2.84059,1.5566,1.51667,0,0.000783892,0.000783892,0.000783892
230,458.547,0.74073,1.39312,0.67457,0.90216,0,0.40289,0.32222,0.29452,0.15817,0.42365,0.33889,0.31573,0.151,1.67078,2.86829,1.55984,1.48578,0,0.000781063,0.000781063,0.000781063
231,460.553,0.77428,1.36381,0.62504,0.9184,0,0.40289,0.32222,0.29452,0.15817,0.42365,0.33889,0.31573,0.151,1.67078,2.86829,1.55984,1.48578,0,0.000778233,0.000778233,0.000778233
232,462.59,0.74833,1.386,0.69339,0.90458,0,0.40947,0.32889,0.30682,0.15886,0.41812,0.33556,0.32121,0.15342,1.66594,2.89308,1.54462,1.4647,0,0.000775404,0.000775404,0.000775404
233,464.633,0.73053,1.33158,0.65521,0.88788,0,0.40947,0.32889,0.30682,0.15886,0.41812,0.33556,0.32121,0.15342,1.66594,2.89308,1.54462,1.4647,0,0.000772575,0.000772575,0.000772575
234,466.656,0.69427,1.33154,0.63555,0.89654,0,0.39674,0.30556,0.31007,0.16616,0.39157,0.30222,0.30751,0.14968,1.60693,2.89099,1.60033,1.44181,0,0.000769745,0.000769745,0.000769745
235,468.626,0.72404,1.38909,0.63588,0.88806,0,0.39674,0.30556,0.31007,0.16616,0.39157,0.30222,0.30751,0.14968,1.60693,2.89099,1.60033,1.44181,0,0.000766916,0.000766916,0.000766916
236,470.75,0.75158,1.369,0.67074,0.88804,0,0.32204,0.55444,0.30769,0.16519,0.30213,0.55444,0.30247,0.14896,1.5942,2.85908,1.68268,1.41606,0,0.000764086,0.000764086,0.000764086
237,472.719,0.72397,1.33167,0.62637,0.89535,0,0.32204,0.55444,0.30769,0.16519,0.30213,0.55444,0.30247,0.14896,1.5942,2.85908,1.68268,1.41606,0,0.000761257,0.000761257,0.000761257
238,474.773,0.75314,1.3352,0.66585,0.89226,0,0.46389,0.44444,0.32365,0.17973,0.47146,0.44778,0.33081,0.16409,1.66959,2.82624,1.88181,1.43504,0,0.000758427,0.000758427,0.000758427
239,476.851,0.73636,1.35949,0.6323,0.89399,0,0.46389,0.44444,0.32365,0.17973,0.47146,0.44778,0.33081,0.16409,1.66959,2.82624,1.88181,1.43504,0,0.000755598,0.000755598,0.000755598
240,478.862,0.70864,1.3466,0.65942,0.90405,0,0.35782,0.49,0.31064,0.18785,0.34603,0.51203,0.32681,0.1709,1.73522,2.85375,2.33772,1.45035,0,0.000752769,0.000752769,0.000752769
241,480.931,0.71989,1.339,0.6281,0.89511,0,0.35782,0.49,0.31064,0.18785,0.34603,0.51203,0.32681,0.1709,1.73522,2.85375,2.33772,1.45035,0,0.000749939,0.000749939,0.000749939
242,483.029,0.72033,1.38199,0.63144,0.90934,0,0.3474,0.46333,0.26818,0.15192,0.36285,0.46995,0.27663,0.14253,1.71356,2.84966,2.87119,1.43764,0,0.00074711,0.00074711,0.00074711
243,485.008,0.71269,1.35679,0.60476,0.89015,0,0.3474,0.46333,0.26818,0.15192,0.36285,0.46995,0.27663,0.14253,1.71356,2.84966,2.87119,1.43764,0,0.00074428,0.00074428,0.00074428
244,487.044,0.70702,1.38323,0.63353,0.89452,0,0.38,0.42957,0.26488,0.15158,0.36648,0.42624,0.2671,0.14034,1.7101,2.94299,3.1747,1.43302,0,0.000741451,0.000741451,0.000741451
245,488.968,0.70295,1.26609,0.62078,0.89118,0,0.38,0.42957,0.26488,0.15158,0.36648,0.42624,0.2671,0.14034,1.7101,2.94299,3.1747,1.43302,0,0.000738622,0.000738622,0.000738622
246,490.939,0.71414,1.39698,0.64123,0.89276,0,0.37179,0.51111,0.26259,0.15951,0.35422,0.50778,0.25781,0.1456,1.63767,3.08523,3.32707,1.39359,0,0.000735792,0.000735792,0.000735792
247,492.836,0.74906,1.38152,0.63387,0.90724,0,0.37179,0.51111,0.26259,0.15951,0.35422,0.50778,0.25781,0.1456,1.63767,3.08523,3.32707,1.39359,0,0.000732963,0.000732963,0.000732963
248,494.895,0.7098,1.29946,0.63271,0.88823,0,0.37567,0.53162,0.243,0.1417,0.37567,0.53162,0.24995,0.12589,1.57469,3.04752,3.01407,1.35961,0,0.000730133,0.000730133,0.000730133
249,496.959,0.68541,1.34095,0.61172,0.88678,0,0.37567,0.53162,0.243,0.1417,0.37567,0.53162,0.24995,0.12589,1.57469,3.04752,3.01407,1.35961,0,0.000727304,0.000727304,0.000727304
250,499.088,0.68237,1.3094,0.63089,0.88881,0,0.3989,0.61444,0.35093,0.21609,0.40326,0.61778,0.35799,0.19354,1.55083,2.90895,2.4035,1.3515,0,0.000724474,0.000724474,0.000724474
251,501.196,0.69421,1.25712,0.62984,0.89208,0,0.3989,0.61444,0.35093,0.21609,0.40326,0.61778,0.35799,0.19354,1.55083,2.90895,2.4035,1.3515,0,0.000721645,0.000721645,0.000721645
252,503.158,0.67381,1.29235,0.59297,0.887,0,0.41064,0.53667,0.39823,0.2436,0.4175,0.54,0.40335,0.22685,1.52282,2.83652,2.05297,1.3346,0,0.000718816,0.000718816,0.000718816
253,505.029,0.72345,1.3027,0.61698,0.90983,0,0.41064,0.53667,0.39823,0.2436,0.4175,0.54,0.40335,0.22685,1.52282,2.83652,2.05297,1.3346,0,0.000715986,0.000715986,0.000715986
254,507.13,0.73337,1.31614,0.59885,0.88651,0,0.40601,0.54778,0.40813,0.24286,0.41545,0.55667,0.41149,0.22564,1.51138,2.81054,1.92391,1.32024,0,0.000713157,0.000713157,0.000713157
255,509.168,0.73775,1.36466,0.66051,0.89024,0,0.40601,0.54778,0.40813,0.24286,0.41545,0.55667,0.41149,0.22564,1.51138,2.81054,1.92391,1.32024,0,0.000710327,0.000710327,0.000710327
256,511.198,0.74785,1.38372,0.63377,0.91253,0,0.51303,0.47053,0.46347,0.27882,0.51993,0.47425,0.46551,0.2589,1.5183,2.81483,1.80919,1.30985,0,0.000707498,0.000707498,0.000707498
257,513.157,0.71563,1.38655,0.59034,0.89314,0,0.51303,0.47053,0.46347,0.27882,0.51993,0.47425,0.46551,0.2589,1.5183,2.81483,1.80919,1.30985,0,0.000704668,0.000704668,0.000704668
258,515.091,0.72201,1.38095,0.6216,0.89225,0,0.65839,0.41778,0.48913,0.29175,0.65831,0.42111,0.49183,0.27229,1.55802,2.80532,1.69041,1.32886,0,0.000701839,0.000701839,0.000701839
259,517.12,0.70383,1.35581,0.6253,0.89604,0,0.65839,0.41778,0.48913,0.29175,0.65831,0.42111,0.49183,0.27229,1.55802,2.80532,1.69041,1.32886,0,0.00069901,0.00069901,0.00069901
260,519.193,0.72486,1.3392,0.67278,0.89181,0,0.52361,0.4915,0.47637,0.2822,0.53634,0.4991,0.48159,0.26557,1.5382,2.76054,1.63555,1.32965,0,0.00069618,0.00069618,0.00069618
261,521.332,0.7427,1.36647,0.61621,0.89049,0,0.52361,0.4915,0.47637,0.2822,0.53634,0.4991,0.48159,0.26557,1.5382,2.76054,1.63555,1.32965,0,0.000693351,0.000693351,0.000693351
262,523.421,0.75202,1.31603,0.60535,0.89528,0,0.55703,0.47111,0.45475,0.27206,0.56912,0.47676,0.46191,0.24984,1.54951,2.75445,1.65116,1.37032,0,0.000690521,0.000690521,0.000690521
263,525.519,0.7096,1.29488,0.6077,0.88369,0,0.55703,0.47111,0.45475,0.27206,0.56912,0.47676,0.46191,0.24984,1.54951,2.75445,1.65116,1.37032,0,0.000687692,0.000687692,0.000687692
264,527.613,0.63994,1.25995,0.56972,0.87108,0,0.43036,0.54592,0.44954,0.26393,0.44202,0.55259,0.45682,0.2483,1.58225,2.80028,1.67597,1.38609,0,0.000684863,0.000684863,0.000684863
265,529.723,0.69522,1.32049,0.59079,0.88414,0,0.43036,0.54592,0.44954,0.26393,0.44202,0.55259,0.45682,0.2483,1.58225,2.80028,1.67597,1.38609,0,0.000682033,0.000682033,0.000682033
266,531.831,0.70392,1.29118,0.62801,0.88571,0,0.45384,0.51667,0.45238,0.27244,0.46782,0.52333,0.45978,0.25783,1.57327,2.80913,1.72321,1.37752,0,0.000679204,0.000679204,0.000679204
267,533.905,0.76485,1.31805,0.60241,0.90992,0,0.45384,0.51667,0.45238,0.27244,0.46782,0.52333,0.45978,0.25783,1.57327,2.80913,1.72321,1.37752,0,0.000676374,0.000676374,0.000676374
268,535.974,0.77952,1.36756,0.66032,0.92721,0,0.53128,0.44444,0.45882,0.27314,0.47871,0.55587,0.47751,0.26194,1.5817,2.78825,1.67897,1.37379,0,0.000673545,0.000673545,0.000673545
269,537.873,0.73937,1.28546,0.62063,0.91863,0,0.53128,0.44444,0.45882,0.27314,0.47871,0.55587,0.47751,0.26194,1.5817,2.78825,1.67897,1.37379,0,0.000670715,0.000670715,0.000670715
270,539.699,0.71866,1.39911,0.72929,0.91188,0,0.60074,0.52111,0.47258,0.26807,0.62854,0.53778,0.49266,0.26116,1.59471,2.78636,1.37607,1.40569,0,0.000667886,0.000667886,0.000667886
271,541.628,0.78254,1.38213,0.63317,0.90114,0,0.60074,0.52111,0.47258,0.26807,0.62854,0.53778,0.49266,0.26116,1.59471,2.78636,1.37607,1.40569,0,0.000665057,0.000665057,0.000665057
272,543.67,0.78727,1.30942,0.64728,0.91004,0,0.65884,0.56545,0.53595,0.29545,0.67774,0.57778,0.56646,0.29629,1.60483,2.81136,1.37592,1.40858,0,0.000662227,0.000662227,0.000662227
273,545.68,0.67154,1.33352,0.60108,0.88379,0,0.65884,0.56545,0.53595,0.29545,0.67774,0.57778,0.56646,0.29629,1.60483,2.81136,1.37592,1.40858,0,0.000659398,0.000659398,0.000659398
274,547.736,0.71162,1.29249,0.60461,0.89535,0,0.64681,0.52222,0.54514,0.2912,0.65313,0.52889,0.56712,0.28927,1.64436,2.83808,1.42574,1.4336,0,0.000656568,0.000656568,0.000656568
275,549.621,0.68201,1.32858,0.6144,0.87907,0,0.64681,0.52222,0.54514,0.2912,0.65313,0.52889,0.56712,0.28927,1.64436,2.83808,1.42574,1.4336,0,0.000653739,0.000653739,0.000653739
276,551.537,0.67264,1.2354,0.60062,0.87523,0,0.64643,0.51889,0.54213,0.2803,0.65615,0.52556,0.55869,0.28126,1.64265,2.83476,1.39788,1.45702,0,0.000650909,0.000650909,0.000650909
277,553.404,0.72998,1.32713,0.65835,0.87854,0,0.64643,0.51889,0.54213,0.2803,0.65615,0.52556,0.55869,0.28126,1.64265,2.83476,1.39788,1.45702,0,0.00064808,0.00064808,0.00064808
278,555.472,0.71832,1.37424,0.64572,0.8972,0,0.60007,0.5463,0.50219,0.26614,0.61047,0.5563,0.51596,0.26559,1.62578,2.79518,1.39887,1.46149,0,0.000645251,0.000645251,0.000645251
279,557.521,0.69391,1.30425,0.62161,0.88776,0,0.60007,0.5463,0.50219,0.26614,0.61047,0.5563,0.51596,0.26559,1.62578,2.79518,1.39887,1.46149,0,0.000642421,0.000642421,0.000642421
280,559.641,0.73491,1.36962,0.63094,0.88443,0,0.75058,0.51581,0.53209,0.28067,0.74499,0.52993,0.54487,0.26706,1.59775,2.78353,1.38838,1.43484,0,0.000639592,0.000639592,0.000639592
281,561.719,0.69615,1.31297,0.57032,0.88168,0,0.75058,0.51581,0.53209,0.28067,0.74499,0.52993,0.54487,0.26706,1.59775,2.78353,1.38838,1.43484,0,0.000636762,0.000636762,0.000636762
282,563.776,0.72605,1.26713,0.59011,0.88452,0,0.71148,0.48111,0.57233,0.30823,0.71719,0.48778,0.57802,0.29804,1.60403,2.80561,1.39274,1.42962,0,0.000633933,0.000633933,0.000633933
283,565.861,0.66923,1.26217,0.61094,0.88842,0,0.71148,0.48111,0.57233,0.30823,0.71719,0.48778,0.57802,0.29804,1.60403,2.80561,1.39274,1.42962,0,0.000631104,0.000631104,0.000631104
284,567.922,0.70927,1.33249,0.58478,0.88036,0,0.64809,0.47604,0.57455,0.32555,0.66994,0.48368,0.58309,0.30231,1.63361,2.84158,1.37583,1.4503,0,0.000628274,0.000628274,0.000628274
285,569.958,0.68422,1.27087,0.59597,0.90131,0,0.64809,0.47604,0.57455,0.32555,0.66994,0.48368,0.58309,0.30231,1.63361,2.84158,1.37583,1.4503,0,0.000625445,0.000625445,0.000625445
286,572.013,0.72295,1.29042,0.6573,0.90285,0,0.80013,0.62017,0.67833,0.34033,0.75096,0.57028,0.6215,0.33853,1.62089,2.84174,1.29945,1.45153,0,0.000622615,0.000622615,0.000622615
287,573.871,0.65228,1.30186,0.57797,0.88177,0,0.80013,0.62017,0.67833,0.34033,0.75096,0.57028,0.6215,0.33853,1.62089,2.84174,1.29945,1.45153,0,0.000619786,0.000619786,0.000619786
288,575.91,0.64263,1.20478,0.5864,0.88858,0,0.7194,0.59333,0.63575,0.31348,0.72536,0.59667,0.63311,0.32623,1.60497,2.8537,1.31066,1.42736,0,0.000616956,0.000616956,0.000616956
289,577.993,0.69181,1.31573,0.62096,0.88355,0,0.7194,0.59333,0.63575,0.31348,0.72536,0.59667,0.63311,0.32623,1.60497,2.8537,1.31066,1.42736,0,0.000614127,0.000614127,0.000614127
290,580.058,0.67686,1.25012,0.56575,0.87551,0,0.64318,0.60667,0.61845,0.30269,0.64318,0.60667,0.60829,0.30245,1.58472,2.85675,1.34809,1.39343,0,0.000611298,0.000611298,0.000611298
291,582.076,0.67013,1.21785,0.56539,0.88742,0,0.64318,0.60667,0.61845,0.30269,0.64318,0.60667,0.60829,0.30245,1.58472,2.85675,1.34809,1.39343,0,0.000608468,0.000608468,0.000608468
292,584.187,0.69513,1.35425,0.58023,0.88842,0,0.74041,0.6,0.62372,0.30597,0.74351,0.60333,0.61937,0.31041,1.60511,2.85653,1.3328,1.39577,0,0.000605639,0.000605639,0.000605639
293,586.272,0.68409,1.23926,0.58258,0.88394,0,0.74041,0.6,0.62372,0.30597,0.74351,0.60333,0.61937,0.31041,1.60511,2.85653,1.3328,1.39577,0,0.000602809,0.000602809,0.000602809
294,588.19,0.61717,1.28897,0.57259,0.88351,0,0.78833,0.58325,0.62153,0.31191,0.77765,0.57658,0.60952,0.31671,1.57653,2.87308,1.32936,1.37329,0,0.00059998,0.00059998,0.00059998
295,590.059,0.63779,1.25186,0.56706,0.87423,0,0.78833,0.58325,0.62153,0.31191,0.77765,0.57658,0.60952,0.31671,1.57653,2.87308,1.32936,1.37329,0,0.000597151,0.000597151,0.000597151
296,592.001,0.64457,1.21861,0.56639,0.87662,0,0.71718,0.59799,0.60612,0.31559,0.72174,0.60066,0.60703,0.31797,1.58459,2.83837,1.29165,1.40722,0,0.000594321,0.000594321,0.000594321
297,594.002,0.62408,1.24987,0.56398,0.873,0,0.71718,0.59799,0.60612,0.31559,0.72174,0.60066,0.60703,0.31797,1.58459,2.83837,1.29165,1.40722,0,0.000591492,0.000591492,0.000591492
298,595.982,0.69531,1.31616,0.56878,0.87666,0,0.61869,0.59667,0.60014,0.32887,0.62816,0.60333,0.60328,0.33093,1.58777,2.81954,1.30884,1.40805,0,0.000588662,0.000588662,0.000588662
299,597.982,0.66802,1.33822,0.59521,0.87256,0,0.61869,0.59667,0.60014,0.32887,0.62816,0.60333,0.60328,0.33093,1.58777,2.81954,1.30884,1.40805,0,0.000585833,0.000585833,0.000585833
300,600.031,0.66549,1.30119,0.56656,0.88061,0,0.6178,0.58667,0.60013,0.34348,0.6238,0.59,0.60125,0.33655,1.55995,2.84503,1.345,1.39295,0,0.000583003,0.000583003,0.000583003
301,602.021,0.66272,1.35156,0.57625,0.87525,0,0.6178,0.58667,0.60013,0.34348,0.6238,0.59,0.60125,0.33655,1.55995,2.84503,1.345,1.39295,0,0.000580174,0.000580174,0.000580174
302,604.039,0.66934,1.26936,0.57233,0.87258,0,0.69072,0.55433,0.58795,0.33844,0.6969,0.55766,0.58838,0.33025,1.56987,2.89864,1.39427,1.40513,0,0.000577345,0.000577345,0.000577345
303,605.866,0.67276,1.38668,0.59798,0.89494,0,0.69072,0.55433,0.58795,0.33844,0.6969,0.55766,0.58838,0.33025,1.56987,2.89864,1.39427,1.40513,0,0.000574515,0.000574515,0.000574515
304,607.795,0.66942,1.23369,0.59393,0.88179,0,0.65885,0.55667,0.56331,0.32563,0.67774,0.56667,0.5747,0.311,1.57583,2.92948,1.41898,1.42321,0,0.000571686,0.000571686,0.000571686
305,609.806,0.63872,1.24324,0.53786,0.86475,0,0.65885,0.55667,0.56331,0.32563,0.67774,0.56667,0.5747,0.311,1.57583,2.92948,1.41898,1.42321,0,0.000568856,0.000568856,0.000568856
306,611.788,0.6112,1.25847,0.51743,0.86644,0,0.69224,0.48401,0.57017,0.33139,0.7134,0.49401,0.58613,0.31837,1.57134,2.9042,1.45453,1.40948,0,0.000566027,0.000566027,0.000566027
307,613.797,0.6509,1.24326,0.54992,0.86449,0,0.69224,0.48401,0.57017,0.33139,0.7134,0.49401,0.58613,0.31837,1.57134,2.9042,1.45453,1.40948,0,0.000563197,0.000563197,0.000563197
308,615.782,0.63681,1.2205,0.54394,0.88464,0,0.67959,0.5343,0.57035,0.33653,0.6861,0.53763,0.57805,0.32186,1.57256,2.8903,1.47717,1.40782,0,0.000560368,0.000560368,0.000560368
309,617.792,0.68214,1.33738,0.55955,0.88424,0,0.67959,0.5343,0.57035,0.33653,0.6861,0.53763,0.57805,0.32186,1.57256,2.8903,1.47717,1.40782,0,0.000557539,0.000557539,0.000557539
310,619.775,0.62868,1.23936,0.52705,0.86807,0,0.68131,0.54088,0.57415,0.34122,0.71196,0.55667,0.59298,0.32609,1.59162,2.8804,1.49675,1.419,0,0.000554709,0.000554709,0.000554709
311,621.762,0.67527,1.24187,0.58891,0.88639,0,0.68131,0.54088,0.57415,0.34122,0.71196,0.55667,0.59298,0.32609,1.59162,2.8804,1.49675,1.419,0,0.00055188,0.00055188,0.00055188
312,623.726,0.61432,1.20295,0.55512,0.86033,0,0.68492,0.53667,0.60057,0.35825,0.72747,0.55667,0.60045,0.34883,1.57892,2.88633,1.52117,1.4118,0,0.00054905,0.00054905,0.00054905
313,625.787,0.66752,1.21996,0.56458,0.879,0,0.68492,0.53667,0.60057,0.35825,0.72747,0.55667,0.60045,0.34883,1.57892,2.88633,1.52117,1.4118,0,0.000546221,0.000546221,0.000546221
314,627.777,0.68162,1.23796,0.59483,0.88015,0,0.66829,0.5619,0.56978,0.35413,0.68562,0.5719,0.59655,0.34705,1.54879,2.88817,1.44681,1.41791,0,0.000543392,0.000543392,0.000543392
315,629.619,0.62846,1.25453,0.55341,0.87734,0,0.66829,0.5619,0.56978,0.35413,0.68562,0.5719,0.59655,0.34705,1.54879,2.88817,1.44681,1.41791,0,0.000540562,0.000540562,0.000540562
316,631.567,0.61673,1.21693,0.54298,0.86813,0,0.75973,0.49778,0.57472,0.33774,0.76634,0.50111,0.58803,0.33517,1.54466,2.88949,1.41338,1.42139,0,0.000537733,0.000537733,0.000537733
317,633.547,0.67867,1.27273,0.54861,0.87838,0,0.75973,0.49778,0.57472,0.33774,0.76634,0.50111,0.58803,0.33517,1.54466,2.88949,1.41338,1.42139,0,0.000534903,0.000534903,0.000534903
318,635.571,0.62701,1.17285,0.52893,0.87712,0,0.73298,0.49778,0.56196,0.32977,0.74619,0.50444,0.57561,0.31936,1.56908,2.8869,1.46212,1.42554,0,0.000532074,0.000532074,0.000532074
319,637.467,0.6107,1.25206,0.56478,0.87454,0,0.73298,0.49778,0.56196,0.32977,0.74619,0.50444,0.57561,0.31936,1.56908,2.8869,1.46212,1.42554,0,0.000529244,0.000529244,0.000529244
320,639.366,0.62975,1.23903,0.54164,0.87369,0,0.71132,0.56333,0.57708,0.32082,0.71484,0.49744,0.5501,0.29418,1.58131,2.88147,1.5306,1.43553,0,0.000526415,0.000526415,0.000526415
321,641.364,0.63438,1.19723,0.52075,0.86575,0,0.71132,0.56333,0.57708,0.32082,0.71484,0.49744,0.5501,0.29418,1.58131,2.88147,1.5306,1.43553,0,0.000523586,0.000523586,0.000523586
322,643.399,0.64647,1.26742,0.56112,0.87488,0,0.67649,0.56163,0.52969,0.29599,0.70115,0.50355,0.50805,0.27153,1.56352,2.86609,1.55906,1.42408,0,0.000520756,0.000520756,0.000520756
323,645.269,0.61798,1.24793,0.55407,0.86134,0,0.67649,0.56163,0.52969,0.29599,0.70115,0.50355,0.50805,0.27153,1.56352,2.86609,1.55906,1.42408,0,0.000517927,0.000517927,0.000517927
324,647.086,0.61623,1.24371,0.54307,0.87492,0,0.6332,0.50444,0.49935,0.29611,0.64501,0.51111,0.51023,0.275,1.5497,2.83245,1.54078,1.4156,0,0.000515097,0.000515097,0.000515097
325,648.852,0.59976,1.19325,0.55464,0.87051,0,0.6332,0.50444,0.49935,0.29611,0.64501,0.51111,0.51023,0.275,1.5497,2.83245,1.54078,1.4156,0,0.000512268,0.000512268,0.000512268
326,650.738,0.62779,1.19589,0.51946,0.86072,0,0.66427,0.57,0.55209,0.29552,0.65299,0.52111,0.52185,0.27764,1.56704,2.81402,1.51623,1.42168,0,0.000509438,0.000509438,0.000509438
327,652.519,0.60562,1.14442,0.55774,0.85851,0,0.66427,0.57,0.55209,0.29552,0.65299,0.52111,0.52185,0.27764,1.56704,2.81402,1.51623,1.42168,0,0.000506609,0.000506609,0.000506609
328,654.388,0.6052,1.16978,0.51518,0.86445,0,0.60659,0.51444,0.53343,0.3021,0.61781,0.52111,0.54208,0.29839,1.59627,2.81234,1.47893,1.46409,0,0.00050378,0.00050378,0.00050378
329,656.361,0.61249,1.13473,0.50986,0.86331,0,0.60659,0.51444,0.53343,0.3021,0.61781,0.52111,0.54208,0.29839,1.59627,2.81234,1.47893,1.46409,0,0.00050095,0.00050095,0.00050095
330,658.364,0.62042,1.20064,0.53647,0.87045,0,0.63829,0.50081,0.53296,0.30088,0.6505,0.50748,0.54395,0.29015,1.6435,2.80889,1.47581,1.51107,0,0.000498121,0.000498121,0.000498121
331,660.341,0.65341,1.27712,0.56787,0.86487,0,0.63829,0.50081,0.53296,0.30088,0.6505,0.50748,0.54395,0.29015,1.6435,2.80889,1.47581,1.51107,0,0.000495291,0.000495291,0.000495291
332,662.382,0.6101,1.15873,0.513,0.86802,0,0.71258,0.50111,0.53066,0.29451,0.7258,0.50773,0.54169,0.28114,1.64943,2.80326,1.44224,1.51159,0,0.000492462,0.000492462,0.000492462
333,664.145,0.62223,1.25444,0.58369,0.89376,0,0.71258,0.50111,0.53066,0.29451,0.7258,0.50773,0.54169,0.28114,1.64943,2.80326,1.44224,1.51159,0,0.000489633,0.000489633,0.000489633
334,666.093,0.63369,1.28476,0.55742,0.87484,0,0.74477,0.50111,0.53761,0.29448,0.77139,0.51444,0.55515,0.28081,1.64334,2.79992,1.43153,1.50472,0,0.000486803,0.000486803,0.000486803
335,668.156,0.63132,1.2007,0.54312,0.87313,0,0.74477,0.50111,0.53761,0.29448,0.77139,0.51444,0.55515,0.28081,1.64334,2.79992,1.43153,1.50472,0,0.000483974,0.000483974,0.000483974
336,670.055,0.61035,1.2055,0.54303,0.88295,0,0.69418,0.52444,0.56458,0.30184,0.71545,0.53778,0.58462,0.30022,1.63084,2.78354,1.41929,1.48946,0,0.000481144,0.000481144,0.000481144
337,671.855,0.64174,1.29771,0.57224,0.87997,0,0.69418,0.52444,0.56458,0.30184,0.71545,0.53778,0.58462,0.30022,1.63084,2.78354,1.41929,1.48946,0,0.000478315,0.000478315,0.000478315
338,673.659,0.64233,1.26164,0.54436,0.86365,0,0.82782,0.57671,0.62639,0.31033,0.77613,0.53623,0.58864,0.30176,1.63713,2.76392,1.41652,1.49172,0,0.000475485,0.000475485,0.000475485
339,675.495,0.61668,1.15331,0.51182,0.87888,0,0.82782,0.57671,0.62639,0.31033,0.77613,0.53623,0.58864,0.30176,1.63713,2.76392,1.41652,1.49172,0,0.000472656,0.000472656,0.000472656
340,677.429,0.60374,1.21804,0.54909,0.87325,0,0.82304,0.56297,0.6266,0.31036,0.77558,0.52608,0.58498,0.2958,1.60064,2.75227,1.4132,1.44984,0,0.000469827,0.000469827,0.000469827
341,679.402,0.59392,1.21739,0.53294,0.84251,0,0.82304,0.56297,0.6266,0.31036,0.77558,0.52608,0.58498,0.2958,1.60064,2.75227,1.4132,1.44984,0,0.000466997,0.000466997,0.000466997
342,681.428,0.64891,1.23497,0.53855,0.86295,0,0.81881,0.57,0.62933,0.30488,0.77799,0.53111,0.58629,0.29532,1.59078,2.73495,1.41315,1.43356,0,0.000464168,0.000464168,0.000464168
343,683.388,0.61363,1.21844,0.52994,0.86539,0,0.81881,0.57,0.62933,0.30488,0.77799,0.53111,0.58629,0.29532,1.59078,2.73495,1.41315,1.43356,0,0.000461338,0.000461338,0.000461338
344,685.371,0.60486,1.18182,0.52357,0.8587,0,0.81036,0.57,0.6301,0.30882,0.76634,0.52853,0.58865,0.29861,1.57321,2.71761,1.41886,1.41761,0,0.000458509,0.000458509,0.000458509
345,687.358,0.60993,1.19996,0.53679,0.87483,0,0.81036,0.57,0.6301,0.30882,0.76634,0.52853,0.58865,0.29861,1.57321,2.71761,1.41886,1.41761,0,0.00045568,0.00045568,0.00045568
346,689.401,0.60627,1.16526,0.52942,0.86566,0,0.72664,0.51111,0.57715,0.3065,0.75123,0.52444,0.59485,0.30094,1.54962,2.70904,1.42402,1.40244,0,0.00045285,0.00045285,0.00045285
347,691.349,0.62397,1.19065,0.53284,0.86414,0,0.72664,0.51111,0.57715,0.3065,0.75123,0.52444,0.59485,0.30094,1.54962,2.70904,1.42402,1.40244,0,0.000450021,0.000450021,0.000450021
348,693.373,0.59066,1.10433,0.51476,0.874,0,0.78571,0.49222,0.57561,0.29348,0.80555,0.50084,0.58208,0.29807,1.54172,2.73442,1.44017,1.39855,0,0.000447191,0.000447191,0.000447191
349,695.284,0.56681,1.18029,0.51896,0.85594,0,0.78571,0.49222,0.57561,0.29348,0.80555,0.50084,0.58208,0.29807,1.54172,2.73442,1.44017,1.39855,0,0.000444362,0.000444362,0.000444362
350,697.239,0.63928,1.23796,0.54961,0.87064,0,0.77748,0.48778,0.56691,0.28473,0.79666,0.49778,0.57982,0.28525,1.56098,2.73885,1.47921,1.40271,0,0.000441532,0.000441532,0.000441532
351,699.037,0.63198,1.19287,0.53814,0.87109,0,0.77748,0.48778,0.56691,0.28473,0.79666,0.49778,0.57982,0.28525,1.56098,2.73885,1.47921,1.40271,0,0.000438703,0.000438703,0.000438703
352,701.002,0.5907,1.16676,0.50871,0.85865,0,0.7473,0.42419,0.52995,0.25604,0.76886,0.43419,0.54633,0.26295,1.57793,2.74704,1.50126,1.40086,0,0.000435874,0.000435874,0.000435874
353,703.017,0.59802,1.14357,0.5175,0.86402,0,0.7473,0.42419,0.52995,0.25604,0.76886,0.43419,0.54633,0.26295,1.57793,2.74704,1.50126,1.40086,0,0.000433044,0.000433044,0.000433044
354,704.984,0.61202,1.24492,0.53367,0.87011,0,0.69072,0.37534,0.48901,0.24816,0.63713,0.45636,0.50166,0.24758,1.56941,2.76604,1.51672,1.39983,0,0.000430215,0.000430215,0.000430215
355,706.936,0.64845,1.21938,0.5674,0.87625,0,0.69072,0.37534,0.48901,0.24816,0.63713,0.45636,0.50166,0.24758,1.56941,2.76604,1.51672,1.39983,0,0.000427385,0.000427385,0.000427385
356,708.97,0.61692,1.18357,0.52802,0.87242,0,0.68656,0.36206,0.44769,0.23511,0.70842,0.37206,0.45763,0.23073,1.55614,2.78941,1.50636,1.40328,0,0.000424556,0.000424556,0.000424556
357,710.935,0.61165,1.19723,0.53109,0.87239,0,0.68656,0.36206,0.44769,0.23511,0.70842,0.37206,0.45763,0.23073,1.55614,2.78941,1.50636,1.40328,0,0.000421726,0.000421726,0.000421726
358,712.956,0.60107,1.19699,0.53916,0.86847,0,0.69192,0.36353,0.45087,0.2296,0.59972,0.45866,0.46388,0.22903,1.57061,2.82062,1.50721,1.41273,0,0.000418897,0.000418897,0.000418897
359,714.838,0.63679,1.23148,0.63778,0.89308,0,0.69192,0.36353,0.45087,0.2296,0.59972,0.45866,0.46388,0.22903,1.57061,2.82062,1.50721,1.41273,0,0.000416068,0.000416068,0.000416068
360,716.802,0.60326,1.15136,0.51588,0.86257,0,0.67219,0.43889,0.46564,0.24187,0.69077,0.44889,0.47715,0.23734,1.55538,2.84526,1.4933,1.40595,0,0.000413238,0.000413238,0.000413238
361,718.671,0.62432,1.18888,0.53557,0.87379,0,0.67219,0.43889,0.46564,0.24187,0.69077,0.44889,0.47715,0.23734,1.55538,2.84526,1.4933,1.40595,0,0.000410409,0.000410409,0.000410409
362,720.463,0.62603,1.24443,0.56176,0.88037,0,0.7172,0.49869,0.50755,0.26143,0.73566,0.50869,0.50785,0.25989,1.52989,2.84988,1.52283,1.39828,0,0.000407579,0.000407579,0.000407579
363,722.437,0.63385,1.19835,0.53361,0.86246,0,0.7172,0.49869,0.50755,0.26143,0.73566,0.50869,0.50785,0.25989,1.52989,2.84988,1.52283,1.39828,0,0.00040475,0.00040475,0.00040475
364,724.466,0.64956,1.18659,0.53272,0.87236,0,0.71999,0.49444,0.48223,0.26169,0.74643,0.50778,0.49989,0.263,1.52875,2.82418,1.53601,1.40729,0,0.000401921,0.000401921,0.000401921
365,726.519,0.62059,1.19497,0.51606,0.86082,0,0.71999,0.49444,0.48223,0.26169,0.74643,0.50778,0.49989,0.263,1.52875,2.82418,1.53601,1.40729,0,0.000399091,0.000399091,0.000399091
366,728.561,0.63796,1.26413,0.54538,0.8709,0,0.68544,0.49111,0.47223,0.2602,0.71737,0.50778,0.50201,0.2583,1.5759,2.82449,1.55617,1.45183,0,0.000396262,0.000396262,0.000396262
367,730.558,0.56281,1.14222,0.51898,0.84701,0,0.68544,0.49111,0.47223,0.2602,0.71737,0.50778,0.50201,0.2583,1.5759,2.82449,1.55617,1.45183,0,0.000393432,0.000393432,0.000393432
368,732.561,0.59985,1.18457,0.51218,0.85776,0,0.65604,0.49024,0.45982,0.2644,0.68177,0.50357,0.4863,0.26073,1.60479,2.8321,1.59402,1.46332,0,0.000390603,0.000390603,0.000390603
369,734.454,0.61706,1.19694,0.51646,0.86186,0,0.65604,0.49024,0.45982,0.2644,0.68177,0.50357,0.4863,0.26073,1.60479,2.8321,1.59402,1.46332,0,0.000387773,0.000387773,0.000387773
370,736.388,0.61282,1.21683,0.51338,0.86938,0,0.66681,0.48444,0.46048,0.25754,0.70085,0.50111,0.49142,0.25491,1.61921,2.84091,1.61626,1.48181,0,0.000384944,0.000384944,0.000384944
371,738.337,0.56671,1.15304,0.49527,0.86182,0,0.66681,0.48444,0.46048,0.25754,0.70085,0.50111,0.49142,0.25491,1.61921,2.84091,1.61626,1.48181,0,0.000382115,0.000382115,0.000382115
372,740.314,0.58656,1.16629,0.534,0.87007,0,0.7067,0.47958,0.49328,0.28876,0.74236,0.49739,0.52537,0.28308,1.61632,2.85136,1.6268,1.48712,0,0.000379285,0.000379285,0.000379285
373,742.302,0.58973,1.13496,0.51576,0.84919,0,0.7067,0.47958,0.49328,0.28876,0.74236,0.49739,0.52537,0.28308,1.61632,2.85136,1.6268,1.48712,0,0.000376456,0.000376456,0.000376456
374,744.302,0.57953,1.17138,0.52057,0.87356,0,0.62434,0.42556,0.4888,0.28277,0.6551,0.45856,0.51743,0.27738,1.61841,2.8526,1.61155,1.49696,0,0.000373626,0.000373626,0.000373626
375,746.332,0.60704,1.18753,0.52237,0.86211,0,0.62434,0.42556,0.4888,0.28277,0.6551,0.45856,0.51743,0.27738,1.61841,2.8526,1.61155,1.49696,0,0.000370797,0.000370797,0.000370797
376,748.332,0.62656,1.26529,0.54243,0.88337,0,0.61017,0.47778,0.49629,0.28399,0.62907,0.48778,0.5238,0.28234,1.64187,2.86315,1.62134,1.50584,0,0.000367967,0.000367967,0.000367967
377,750.334,0.5881,1.12707,0.50804,0.85837,0,0.61017,0.47778,0.49629,0.28399,0.62907,0.48778,0.5238,0.28234,1.64187,2.86315,1.62134,1.50584,0,0.000365138,0.000365138,0.000365138
378,752.374,0.57603,1.14886,0.5165,0.86478,0,0.59518,0.48111,0.50499,0.2936,0.60794,0.48778,0.52476,0.28324,1.65264,2.87581,1.60877,1.50093,0,0.000362309,0.000362309,0.000362309
379,754.375,0.62043,1.20769,0.53422,0.86533,0,0.59518,0.48111,0.50499,0.2936,0.60794,0.48778,0.52476,0.28324,1.65264,2.87581,1.60877,1.50093,0,0.000359479,0.000359479,0.000359479
380,756.349,0.61264,1.1944,0.5177,0.86034,0,0.58747,0.47211,0.50393,0.29382,0.6017,0.47878,0.52331,0.28418,1.64044,2.86639,1.6339,1.49821,0,0.00035665,0.00035665,0.00035665
381,758.191,0.55328,1.18469,0.49141,0.84953,0,0.58747,0.47211,0.50393,0.29382,0.6017,0.47878,0.52331,0.28418,1.64044,2.86639,1.6339,1.49821,0,0.00035382,0.00035382,0.00035382
382,760.149,0.6016,1.2574,0.49626,0.87991,0,0.56402,0.46444,0.48287,0.2912,0.57949,0.47111,0.50263,0.27633,1.62857,2.86819,1.70184,1.50792,0,0.000350991,0.000350991,0.000350991
383,762.111,0.54219,1.12006,0.47502,0.85316,0,0.56402,0.46444,0.48287,0.2912,0.57949,0.47111,0.50263,0.27633,1.62857,2.86819,1.70184,1.50792,0,0.000348162,0.000348162,0.000348162
384,764.041,0.5785,1.31028,0.55619,0.86037,0,0.60355,0.35616,0.48522,0.28343,0.63555,0.36592,0.50387,0.26682,1.58885,2.87233,1.75621,1.48178,0,0.000345332,0.000345332,0.000345332
385,765.968,0.61496,1.17614,0.49966,0.857,0,0.60355,0.35616,0.48522,0.28343,0.63555,0.36592,0.50387,0.26682,1.58885,2.87233,1.75621,1.48178,0,0.000342503,0.000342503,0.000342503
386,767.972,0.64421,1.3133,0.54932,0.88056,0,0.62413,0.31556,0.47675,0.281,0.60203,0.31959,0.48758,0.27104,1.56824,2.87404,1.85665,1.46346,0,0.000339673,0.000339673,0.000339673
387,769.971,0.68121,1.26915,0.54039,0.86995,0,0.62413,0.31556,0.47675,0.281,0.60203,0.31959,0.48758,0.27104,1.56824,2.87404,1.85665,1.46346,0,0.000336844,0.000336844,0.000336844
388,772.03,0.61861,1.22289,0.51134,0.85612,0,0.37456,0.50005,0.46277,0.26847,0.4213,0.49293,0.47187,0.26405,1.59826,2.84441,1.9605,1.48431,0,0.000334014,0.000334014,0.000334014
389,773.96,0.55683,1.12931,0.49386,0.86825,0,0.37456,0.50005,0.46277,0.26847,0.4213,0.49293,0.47187,0.26405,1.59826,2.84441,1.9605,1.48431,0,0.000331185,0.000331185,0.000331185
390,775.899,0.55962,1.14548,0.49373,0.85956,0,0.37143,0.49303,0.4642,0.26895,0.39638,0.49444,0.47224,0.2636,1.60632,2.83394,1.96422,1.48077,0,0.000328356,0.000328356,0.000328356
391,777.871,0.64579,1.20928,0.52836,0.88538,0,0.37143,0.49303,0.4642,0.26895,0.39638,0.49444,0.47224,0.2636,1.60632,2.83394,1.96422,1.48077,0,0.000325526,0.000325526,0.000325526
392,779.879,0.57617,1.13976,0.50868,0.84992,0,0.37988,0.56,0.46583,0.27538,0.40329,0.49444,0.46718,0.26466,1.59759,2.80611,1.96219,1.46895,0,0.000322697,0.000322697,0.000322697
393,781.914,0.60945,1.1506,0.50854,0.86815,0,0.37988,0.56,0.46583,0.27538,0.40329,0.49444,0.46718,0.26466,1.59759,2.80611,1.96219,1.46895,0,0.000319867,0.000319867,0.000319867
394,783.785,0.55599,1.17539,0.51596,0.84871,0,0.62885,0.30607,0.47283,0.28773,0.40686,0.49579,0.47329,0.26993,1.60961,2.80356,1.94417,1.47048,0,0.000317038,0.000317038,0.000317038
395,785.575,0.56426,1.19846,0.50389,0.87111,0,0.62885,0.30607,0.47283,0.28773,0.40686,0.49579,0.47329,0.26993,1.60961,2.80356,1.94417,1.47048,0,0.000314209,0.000314209,0.000314209
396,787.416,0.58421,1.18128,0.49042,0.87209,0,0.66046,0.30222,0.47209,0.28891,0.66046,0.30222,0.47226,0.27067,1.61044,2.81839,1.94217,1.47995,0,0.000311379,0.000311379,0.000311379
397,789.316,0.60656,1.24901,0.53489,0.86774,0,0.66046,0.30222,0.47209,0.28891,0.66046,0.30222,0.47226,0.27067,1.61044,2.81839,1.94217,1.47995,0,0.00030855,0.00030855,0.00030855
398,791.336,0.59107,1.15581,0.49651,0.85732,0,0.35757,0.55231,0.42967,0.24247,0.35719,0.55667,0.43025,0.23671,1.64365,2.82001,2.01916,1.5254,0,0.00030572,0.00030572,0.00030572
399,793.314,0.55883,1.11281,0.49952,0.86017,0,0.35757,0.55231,0.42967,0.24247,0.35719,0.55667,0.43025,0.23671,1.64365,2.82001,2.01916,1.5254,0,0.000302891,0.000302891,0.000302891
400,795.316,0.56072,1.09999,0.49793,0.85678,0,0.35956,0.50111,0.40799,0.23019,0.35047,0.49778,0.41028,0.22665,1.65753,2.83502,2.21188,1.5376,0,0.000300061,0.000300061,0.000300061
401,797.16,0.52497,1.11157,0.46417,0.85969,0,0.35956,0.50111,0.40799,0.23019,0.35047,0.49778,0.41028,0.22665,1.65753,2.83502,2.21188,1.5376,0,0.000297232,0.000297232,0.000297232
402,799.142,0.56673,1.15138,0.48882,0.8547,0,0.37112,0.55,0.3775,0.20959,0.36966,0.50111,0.38553,0.20595,1.65715,2.82634,2.35634,1.52655,0,0.000294403,0.000294403,0.000294403
403,801.105,0.58049,1.09964,0.50169,0.86381,0,0.37112,0.55,0.3775,0.20959,0.36966,0.50111,0.38553,0.20595,1.65715,2.82634,2.35634,1.52655,0,0.000291573,0.000291573,0.000291573
404,803.14,0.56745,1.14267,0.50786,0.84995,0,0.35463,0.51667,0.36439,0.20055,0.34394,0.45784,0.36729,0.19731,1.68208,2.82172,2.58859,1.521,0,0.000288744,0.000288744,0.000288744
405,804.961,0.56638,1.14638,0.47235,0.86162,0,0.35463,0.51667,0.36439,0.20055,0.34394,0.45784,0.36729,0.19731,1.68208,2.82172,2.58859,1.521,0,0.000285914,0.000285914,0.000285914
406,806.84,0.5862,1.16568,0.51265,0.8788,0,0.34029,0.45276,0.3509,0.19753,0.35241,0.45778,0.37068,0.1989,1.67927,2.81063,2.68561,1.50859,0,0.000283085,0.000283085,0.000283085
407,808.729,0.56785,1.12685,0.49455,0.85278,0,0.34029,0.45276,0.3509,0.19753,0.35241,0.45778,0.37068,0.1989,1.67927,2.81063,2.68561,1.50859,0,0.000280255,0.000280255,0.000280255
408,810.709,0.60437,1.22679,0.50814,0.87655,0,0.34134,0.49319,0.35282,0.1977,0.35751,0.44557,0.36986,0.19995,1.68009,2.80803,2.72156,1.49609,0,0.000277426,0.000277426,0.000277426
409,812.661,0.55898,1.13579,0.49825,0.85277,0,0.34134,0.49319,0.35282,0.1977,0.35751,0.44557,0.36986,0.19995,1.68009,2.80803,2.72156,1.49609,0,0.000274597,0.000274597,0.000274597
410,814.71,0.56654,1.11973,0.4834,0.86337,0,0.3372,0.48152,0.34016,0.18916,0.36179,0.43716,0.35636,0.19043,1.66088,2.80148,2.78861,1.48551,0,0.000271767,0.000271767,0.000271767
411,816.719,0.54766,1.13527,0.49579,0.83918,0,0.3372,0.48152,0.34016,0.18916,0.36179,0.43716,0.35636,0.19043,1.66088,2.80148,2.78861,1.48551,0,0.000268938,0.000268938,0.000268938
412,818.697,0.55303,1.06331,0.50047,0.85523,0,0.3396,0.48667,0.37131,0.2092,0.35782,0.44111,0.38379,0.21016,1.64773,2.81878,2.76118,1.48611,0,0.000266108,0.000266108,0.000266108
413,820.664,0.55393,1.1114,0.48399,0.86016,0,0.3396,0.48667,0.37131,0.2092,0.35782,0.44111,0.38379,0.21016,1.64773,2.81878,2.76118,1.48611,0,0.000263279,0.000263279,0.000263279
414,822.538,0.5417,1.09413,0.47304,0.84949,0,0.35332,0.52,0.3841,0.21636,0.36363,0.47111,0.39024,0.213,1.63675,2.84866,2.64325,1.47954,0,0.00026045,0.00026045,0.00026045
415,824.447,0.60329,1.20676,0.51235,0.88907,0,0.35332,0.52,0.3841,0.21636,0.36363,0.47111,0.39024,0.213,1.63675,2.84866,2.64325,1.47954,0,0.00025762,0.00025762,0.00025762
416,826.505,0.5336,1.10846,0.46109,0.83672,0,0.35848,0.47111,0.39691,0.23362,0.37031,0.47778,0.41228,0.22314,1.62319,2.85796,2.46466,1.47614,0,0.000254791,0.000254791,0.000254791
417,828.496,0.52769,1.03407,0.47351,0.84898,0,0.35848,0.47111,0.39691,0.23362,0.37031,0.47778,0.41228,0.22314,1.62319,2.85796,2.46466,1.47614,0,0.000251961,0.000251961,0.000251961
418,830.451,0.60376,1.1076,0.52367,0.87891,0,0.38478,0.49068,0.43308,0.25416,0.3902,0.49316,0.44271,0.24872,1.62307,2.87315,2.29239,1.48306,0,0.000249132,0.000249132,0.000249132
419,832.314,0.58781,1.18264,0.50328,0.87248,0,0.38478,0.49068,0.43308,0.25416,0.3902,0.49316,0.44271,0.24872,1.62307,2.87315,2.29239,1.48306,0,0.000246302,0.000246302,0.000246302
420,834.222,0.55203,1.10531,0.46792,0.8483,0,0.3852,0.49444,0.46845,0.27319,0.39858,0.50094,0.48166,0.26888,1.61905,2.87657,2.17533,1.48104,0,0.000243473,0.000243473,0.000243473
421,836.187,0.53987,1.12721,0.47539,0.86526,0,0.3852,0.49444,0.46845,0.27319,0.39858,0.50094,0.48166,0.26888,1.61905,2.87657,2.17533,1.48104,0,0.000240644,0.000240644,0.000240644
422,838.136,0.53799,1.11699,0.46235,0.85405,0,0.3929,0.49356,0.48863,0.28162,0.40443,0.50023,0.50136,0.28264,1.62675,2.87386,2.08128,1.48742,0,0.000237814,0.000237814,0.000237814
423,840.119,0.56726,1.11361,0.47872,0.87702,0,0.3929,0.49356,0.48863,0.28162,0.40443,0.50023,0.50136,0.28264,1.62675,2.87386,2.08128,1.48742,0,0.000234985,0.000234985,0.000234985
424,842.111,0.60015,1.17987,0.52289,0.86925,0,0.69995,0.33594,0.49698,0.27182,0.39886,0.51447,0.51201,0.27785,1.63546,2.87766,1.99642,1.49351,0,0.000232155,0.000232155,0.000232155
425,844.043,0.59545,1.12153,0.5156,0.87183,0,0.69995,0.33594,0.49698,0.27182,0.39886,0.51447,0.51201,0.27785,1.63546,2.87766,1.99642,1.49351,0,0.000229326,0.000229326,0.000229326
426,846.03,0.51518,1.09586,0.464,0.84351,0,0.63966,0.37609,0.50866,0.27646,0.65584,0.3792,0.52336,0.28339,1.64679,2.88145,1.87035,1.50702,0,0.000226497,0.000226497,0.000226497
427,848.003,0.57866,1.12557,0.48018,0.85929,0,0.63966,0.37609,0.50866,0.27646,0.65584,0.3792,0.52336,0.28339,1.64679,2.88145,1.87035,1.50702,0,0.000223667,0.000223667,0.000223667
428,849.889,0.59215,1.17803,0.52897,0.8546,0,0.69331,0.44086,0.54743,0.27839,0.66985,0.40248,0.52397,0.28103,1.6525,2.89906,1.75975,1.5053,0,0.000220838,0.000220838,0.000220838
429,851.678,0.5917,1.20618,0.49142,0.85569,0,0.69331,0.44086,0.54743,0.27839,0.66985,0.40248,0.52397,0.28103,1.6525,2.89906,1.75975,1.5053,0,0.000218008,0.000218008,0.000218008
430,853.514,0.52661,1.07513,0.47132,0.856,0,0.67068,0.47107,0.55888,0.28553,0.61601,0.44547,0.52344,0.28844,1.64712,2.88932,1.66324,1.5035,0,0.000215179,0.000215179,0.000215179
431,855.319,0.55431,1.13721,0.46091,0.85792,0,0.67068,0.47107,0.55888,0.28553,0.61601,0.44547,0.52344,0.28844,1.64712,2.88932,1.66324,1.5035,0,0.000212349,0.000212349,0.000212349
432,857.288,0.5631,1.13064,0.51016,0.86074,0,0.67938,0.44164,0.51796,0.29403,0.70589,0.45147,0.53026,0.28157,1.64348,2.89403,1.56818,1.50431,0,0.00020952,0.00020952,0.00020952
433,859.297,0.58096,1.12256,0.48698,0.85334,0,0.67938,0.44164,0.51796,0.29403,0.70589,0.45147,0.53026,0.28157,1.64348,2.89403,1.56818,1.50431,0,0.000206691,0.000206691,0.000206691
434,861.36,0.53223,1.09363,0.47392,0.84492,0,0.73517,0.52333,0.5753,0.28994,0.77484,0.46945,0.54735,0.28601,1.64864,2.8995,1.5247,1.49695,0,0.000203861,0.000203861,0.000203861
435,863.192,0.52356,1.08774,0.47066,0.86526,0,0.73517,0.52333,0.5753,0.28994,0.77484,0.46945,0.54735,0.28601,1.64864,2.8995,1.5247,1.49695,0,0.000201032,0.000201032,0.000201032
436,865.007,0.5374,1.12341,0.46158,0.85199,0,0.71812,0.53333,0.56214,0.29236,0.71903,0.48412,0.52992,0.28518,1.65536,2.9011,1.49528,1.49903,0,0.000198202,0.000198202,0.000198202
437,866.948,0.56911,1.18199,0.47592,0.86124,0,0.71812,0.53333,0.56214,0.29236,0.71903,0.48412,0.52992,0.28518,1.65536,2.9011,1.49528,1.49903,0,0.000195373,0.000195373,0.000195373
438,868.945,0.525,1.07582,0.45797,0.83944,0,0.68943,0.5422,0.57225,0.30593,0.71027,0.49126,0.54202,0.28741,1.66747,2.91266,1.49136,1.50022,0,0.000192543,0.000192543,0.000192543
439,870.929,0.51952,1.09459,0.46187,0.84583,0,0.68943,0.5422,0.57225,0.30593,0.71027,0.49126,0.54202,0.28741,1.66747,2.91266,1.49136,1.50022,0,0.000189714,0.000189714,0.000189714
440,872.925,0.53469,1.13434,0.47541,0.85725,0,0.65336,0.55239,0.56518,0.30205,0.70469,0.49575,0.5392,0.28602,1.68837,2.92837,1.49094,1.51224,0,0.000186885,0.000186885,0.000186885
441,874.895,0.52276,1.2062,0.47331,0.86639,0,0.65336,0.55239,0.56518,0.30205,0.70469,0.49575,0.5392,0.28602,1.68837,2.92837,1.49094,1.51224,0,0.000184055,0.000184055,0.000184055
442,876.863,0.56333,1.15551,0.49721,0.87053,0,0.65895,0.54333,0.56281,0.29023,0.64536,0.49778,0.53013,0.2859,1.68604,2.93732,1.49648,1.50769,0,0.000181226,0.000181226,0.000181226
443,878.828,0.52766,1.0877,0.45996,0.85299,0,0.65895,0.54333,0.56281,0.29023,0.64536,0.49778,0.53013,0.2859,1.68604,2.93732,1.49648,1.50769,0,0.000178396,0.000178396,0.000178396
444,880.875,0.56248,1.0812,0.49726,0.88115,0,0.79186,0.41556,0.52112,0.28624,0.79969,0.42275,0.53438,0.28161,1.67487,2.94735,1.49599,1.49843,0,0.000175567,0.000175567,0.000175567
445,882.87,0.51747,1.09388,0.44757,0.85505,0,0.79186,0.41556,0.52112,0.28624,0.79969,0.42275,0.53438,0.28161,1.67487,2.94735,1.49599,1.49843,0,0.000172738,0.000172738,0.000172738
446,884.767,0.48638,1.03234,0.44357,0.84686,0,0.79256,0.41556,0.51647,0.28554,0.80645,0.42332,0.52622,0.28045,1.65009,2.93359,1.50877,1.48259,0,0.000169908,0.000169908,0.000169908
447,886.562,0.5258,1.05578,0.44755,0.85842,0,0.79256,0.41556,0.51647,0.28554,0.80645,0.42332,0.52622,0.28045,1.65009,2.93359,1.50877,1.48259,0,0.000167079,0.000167079,0.000167079
448,888.389,0.55384,1.07623,0.48156,0.85598,0,0.75098,0.41222,0.51307,0.29318,0.77324,0.42222,0.53096,0.28374,1.6307,2.93941,1.52845,1.46879,0,0.000164249,0.000164249,0.000164249
449,890.132,0.51417,1.10625,0.46727,0.86675,0,0.75098,0.41222,0.51307,0.29318,0.77324,0.42222,0.53096,0.28374,1.6307,2.93941,1.52845,1.46879,0,0.00016142,0.00016142,0.00016142
450,891.975,0.62711,1.16902,0.52208,0.86643,0,0.61009,0.47715,0.51398,0.28607,0.63119,0.48721,0.53501,0.284,1.61871,2.95727,1.5638,1.45967,0,0.00015859,0.00015859,0.00015859
451,893.781,0.5154,1.05546,0.46245,0.87063,0,0.61009,0.47715,0.51398,0.28607,0.63119,0.48721,0.53501,0.284,1.61871,2.95727,1.5638,1.45967,0,0.000155761,0.000155761,0.000155761
452,895.737,0.5621,1.08047,0.48162,0.86199,0,0.60329,0.47444,0.50312,0.29241,0.62499,0.48444,0.52027,0.28853,1.61813,2.96789,1.60851,1.4693,0,0.000152932,0.000152932,0.000152932
453,897.694,0.51962,1.01991,0.44983,0.84285,0,0.60329,0.47444,0.50312,0.29241,0.62499,0.48444,0.52027,0.28853,1.61813,2.96789,1.60851,1.4693,0,0.000150102,0.000150102,0.000150102
454,899.704,0.48552,1.05898,0.43512,0.83471,0,0.60439,0.44444,0.49986,0.28932,0.62949,0.45444,0.51916,0.2862,1.63031,2.98389,1.64885,1.48468,0,0.000147273,0.000147273,0.000147273
455,901.698,0.56171,1.10623,0.47968,0.85693,0,0.60439,0.44444,0.49986,0.28932,0.62949,0.45444,0.51916,0.2862,1.63031,2.98389,1.64885,1.48468,0,0.000144443,0.000144443,0.000144443
456,903.684,0.52666,1.08267,0.46483,0.84118,0,0.59088,0.43952,0.4983,0.27647,0.61777,0.44883,0.51458,0.28378,1.64499,3.0077,1.70041,1.50089,0,0.000141614,0.000141614,0.000141614
457,905.653,0.52472,1.09306,0.46465,0.83918,0,0.59088,0.43952,0.4983,0.27647,0.61777,0.44883,0.51458,0.28378,1.64499,3.0077,1.70041,1.50089,0,0.000138784,0.000138784,0.000138784
458,907.651,0.51988,1.07596,0.4805,0.85786,0,0.57057,0.44111,0.49082,0.2747,0.58866,0.44698,0.50395,0.27948,1.65655,3.02811,1.73455,1.51296,0,0.000135955,0.000135955,0.000135955
459,909.619,0.53696,1.06512,0.45828,0.86015,0,0.57057,0.44111,0.49082,0.2747,0.58866,0.44698,0.50395,0.27948,1.65655,3.02811,1.73455,1.51296,0,0.000133126,0.000133126,0.000133126
460,911.516,0.48679,1.12456,0.43208,0.84589,0,0.56646,0.43356,0.49051,0.27412,0.59449,0.44329,0.50601,0.27924,1.66201,3.03187,1.75895,1.51661,0,0.000130296,0.000130296,0.000130296
461,913.457,0.54959,1.07117,0.47635,0.83697,0,0.56646,0.43356,0.49051,0.27412,0.59449,0.44329,0.50601,0.27924,1.66201,3.03187,1.75895,1.51661,0,0.000127467,0.000127467,0.000127467
462,915.382,0.52122,1.06909,0.46779,0.85925,0,0.56389,0.42227,0.49042,0.27409,0.59311,0.43227,0.50619,0.27966,1.65477,3.03027,1.78304,1.51297,0,0.000124637,0.000124637,0.000124637
463,917.351,0.53117,1.09199,0.45356,0.8518,0,0.56389,0.42227,0.49042,0.27409,0.59311,0.43227,0.50619,0.27966,1.65477,3.03027,1.78304,1.51297,0,0.000121808,0.000121808,0.000121808
464,919.329,0.53425,1.11684,0.46451,0.85957,0,0.54987,0.42131,0.49216,0.28826,0.57868,0.43131,0.50392,0.28107,1.63931,3.02143,1.79569,1.50238,0,0.000118979,0.000118979,0.000118979
465,921.29,0.53842,1.09666,0.45407,0.85725,0,0.54987,0.42131,0.49216,0.28826,0.57868,0.43131,0.50392,0.28107,1.63931,3.02143,1.79569,1.50238,0,0.000116149,0.000116149,0.000116149
466,923.154,0.50337,1.10645,0.49181,0.84854,0,0.55383,0.42,0.49339,0.29457,0.58417,0.42971,0.50716,0.27246,1.62292,3.01232,1.7933,1.49124,0,0.00011332,0.00011332,0.00011332
467,925.097,0.48822,1.04881,0.44526,0.83179,0,0.55383,0.42,0.49339,0.29457,0.58417,0.42971,0.50716,0.27246,1.62292,3.01232,1.7933,1.49124,0,0.00011049,0.00011049,0.00011049
468,927.107,0.51984,1.10061,0.47526,0.84368,0,0.56432,0.42413,0.49953,0.29628,0.59427,0.43444,0.50933,0.27467,1.61976,2.98681,1.81734,1.48052,0,0.000107661,0.000107661,0.000107661
469,928.958,0.56309,1.16268,0.49329,0.88181,0,0.56432,0.42413,0.49953,0.29628,0.59427,0.43444,0.50933,0.27467,1.61976,2.98681,1.81734,1.48052,0,0.000104831,0.000104831,0.000104831
470,930.936,0.5376,1.09475,0.48309,0.85039,0,0.5839,0.43255,0.49313,0.2879,0.61216,0.44369,0.49996,0.2653,1.60784,2.97902,1.77403,1.47441,0,0.000102002,0.000102002,0.000102002
471,932.905,0.54908,1.09479,0.47262,0.86007,0,0.5839,0.43255,0.49313,0.2879,0.61216,0.44369,0.49996,0.2653,1.60784,2.97902,1.77403,1.47441,0,9.91726e-05,9.91726e-05,9.91726e-05
472,934.903,0.57558,1.18482,0.47661,0.84243,0,0.57812,0.43111,0.47911,0.27815,0.60461,0.44111,0.48567,0.25634,1.60634,2.97389,1.75611,1.47357,0,9.63432e-05,9.63432e-05,9.63432e-05
473,936.863,0.49743,1.09475,0.44454,0.84275,0,0.57812,0.43111,0.47911,0.27815,0.60461,0.44111,0.48567,0.25634,1.60634,2.97389,1.75611,1.47357,0,9.35138e-05,9.35138e-05,9.35138e-05
474,938.896,0.5078,1.04576,0.45182,0.84747,0,0.56613,0.44444,0.49317,0.28719,0.59145,0.45444,0.50282,0.26516,1.60762,2.97691,1.69989,1.47704,0,9.06843e-05,9.06843e-05,9.06843e-05
475,940.833,0.50418,1.07808,0.45158,0.84149,0,0.56613,0.44444,0.49317,0.28719,0.59145,0.45444,0.50282,0.26516,1.60762,2.97691,1.69989,1.47704,0,8.78549e-05,8.78549e-05,8.78549e-05
476,942.854,0.50551,1.03218,0.45274,0.85265,0,0.59661,0.38556,0.49321,0.27938,0.62693,0.39889,0.50968,0.27796,1.61028,2.97758,1.67304,1.47714,0,8.50255e-05,8.50255e-05,8.50255e-05
477,944.737,0.51812,1.07801,0.4458,0.85723,0,0.59661,0.38556,0.49321,0.27938,0.62693,0.39889,0.50968,0.27796,1.61028,2.97758,1.67304,1.47714,0,8.21961e-05,8.21961e-05,8.21961e-05
478,946.753,0.5301,1.06291,0.47151,0.84842,0,0.59981,0.38889,0.50116,0.28061,0.62458,0.39902,0.51004,0.27923,1.61256,2.97277,1.64389,1.48277,0,7.93667e-05,7.93667e-05,7.93667e-05
479,948.758,0.55758,1.12793,0.47633,0.85561,0,0.59981,0.38889,0.50116,0.28061,0.62458,0.39902,0.51004,0.27923,1.61256,2.97277,1.64389,1.48277,0,7.65372e-05,7.65372e-05,7.65372e-05
480,950.587,0.49834,1.06779,0.44389,0.84416,0,0.60795,0.39717,0.49344,0.27216,0.62483,0.40383,0.50178,0.26648,1.6143,2.96477,1.62828,1.48442,0,7.37078e-05,7.37078e-05,7.37078e-05
481,952.392,0.50329,1.09088,0.44924,0.84779,0,0.60795,0.39717,0.49344,0.27216,0.62483,0.40383,0.50178,0.26648,1.6143,2.96477,1.62828,1.48442,0,7.08784e-05,7.08784e-05,7.08784e-05
482,954.47,0.53183,1.07012,0.46071,0.83717,0,0.64494,0.44338,0.49614,0.27276,0.66135,0.44923,0.50708,0.26831,1.61522,2.95425,1.61309,1.48492,0,6.8049e-05,6.8049e-05,6.8049e-05
483,956.474,0.54317,1.08484,0.43925,0.85143,0,0.64494,0.44338,0.49614,0.27276,0.66135,0.44923,0.50708,0.26831,1.61522,2.95425,1.61309,1.48492,0,6.52196e-05,6.52196e-05,6.52196e-05
484,958.394,0.55306,1.06489,0.47082,0.86522,0,0.63333,0.44978,0.50279,0.28288,0.64935,0.45644,0.51967,0.2812,1.61524,2.95227,1.59393,1.49152,0,6.23901e-05,6.23901e-05,6.23901e-05
485,960.32,0.58777,1.13827,0.48492,0.87108,0,0.63333,0.44978,0.50279,0.28288,0.64935,0.45644,0.51967,0.2812,1.61524,2.95227,1.59393,1.49152,0,5.95607e-05,5.95607e-05,5.95607e-05
486,962.317,0.55774,1.11833,0.51043,0.84787,0,0.6058,0.42477,0.5024,0.28164,0.61964,0.42672,0.51715,0.2813,1.61316,2.9521,1.59871,1.48927,0,5.67313e-05,5.67313e-05,5.67313e-05
487,964.264,0.5145,1.03476,0.44343,0.85139,0,0.6058,0.42477,0.5024,0.28164,0.61964,0.42672,0.51715,0.2813,1.61316,2.9521,1.59871,1.48927,0,5.39019e-05,5.39019e-05,5.39019e-05
488,966.289,0.5262,1.11533,0.44683,0.85141,0,0.59288,0.45778,0.49881,0.27977,0.60966,0.46444,0.5143,0.27994,1.60902,2.95408,1.58478,1.48656,0,5.10725e-05,5.10725e-05,5.10725e-05
489,968.143,0.51625,1.114,0.46172,0.85278,0,0.59288,0.45778,0.49881,0.27977,0.60966,0.46444,0.5143,0.27994,1.60902,2.95408,1.58478,1.48656,0,4.8243e-05,4.8243e-05,4.8243e-05
490,970.09,0.51779,1.06958,0.45506,0.84542,0,0.58053,0.47386,0.48653,0.27167,0.59528,0.48053,0.50212,0.26975,1.60773,2.95451,1.56307,1.48295,0,4.54136e-05,4.54136e-05,4.54136e-05
491,971.978,0.48888,1.04988,0.49217,0.82077,0,0.58053,0.47386,0.48653,0.27167,0.59528,0.48053,0.50212,0.26975,1.60773,2.95451,1.56307,1.48295,0,4.25842e-05,4.25842e-05,4.25842e-05
492,973.794,0.45584,1.04678,0.44534,0.829,0,0.59865,0.47423,0.50312,0.27977,0.61359,0.4809,0.52057,0.28015,1.60671,2.96551,1.58281,1.47025,0,3.97548e-05,3.97548e-05,3.97548e-05
493,975.477,0.42666,0.96653,0.43515,0.79975,0,0.59865,0.47423,0.50312,0.27977,0.61359,0.4809,0.52057,0.28015,1.60671,2.96551,1.58281,1.47025,0,3.69254e-05,3.69254e-05,3.69254e-05
494,977.168,0.4597,1.05782,0.46802,0.8137,0,0.59917,0.46586,0.51153,0.28945,0.62246,0.47586,0.53376,0.28244,1.60298,2.9702,1.59439,1.46256,0,3.40959e-05,3.40959e-05,3.40959e-05
495,978.849,0.50386,1.06879,0.48716,0.82248,0,0.59917,0.46586,0.51153,0.28945,0.62246,0.47586,0.53376,0.28244,1.60298,2.9702,1.59439,1.46256,0,3.12665e-05,3.12665e-05,3.12665e-05
496,980.515,0.45854,1.0197,0.45488,0.81651,0,0.60457,0.46632,0.51435,0.28869,0.61983,0.47299,0.52861,0.29093,1.61025,2.97748,1.60824,1.4697,0,2.84371e-05,2.84371e-05,2.84371e-05
497,982.101,0.46362,1.06241,0.43288,0.82889,0,0.60457,0.46632,0.51435,0.28869,0.61983,0.47299,0.52861,0.29093,1.61025,2.97748,1.60824,1.4697,0,2.56077e-05,2.56077e-05,2.56077e-05
498,983.875,0.43422,1.00441,0.4316,0.81479,0,0.59862,0.47318,0.50952,0.28558,0.61374,0.47973,0.52733,0.28556,1.61386,2.98623,1.61679,1.47436,0,2.27783e-05,2.27783e-05,2.27783e-05
499,985.493,0.45038,1.03074,0.4365,0.83604,0,0.59862,0.47318,0.50952,0.28558,0.61374,0.47973,0.52733,0.28556,1.61386,2.98623,1.61679,1.47436,0,1.99488e-05,1.99488e-05,1.99488e-05
500,987.12,0.47967,1.02816,0.45378,0.83051,0,0.58458,0.47463,0.50562,0.2849,0.59906,0.4813,0.52516,0.28421,1.61958,2.9969,1.62051,1.48187,0,1.71194e-05,1.71194e-05,1.71194e-05